# mesh_dimension, injection_load, RA_index, VC_index, size_of_flit, size_of_packet_in_bits, total_received_packets, total_received_flits, received_flits_ratio, average_wireless_utilization, global_average_delay, max_delay, network_throughput, average_IP_throughput, total_energy, dynamic_energy, static_energy, buffer_size
8,0.01,0,4,32,2048,167,1.078E+04,0.8868,0,17.17,171,0.5675,0.008868,3.604E-05,2.029E-07,3.583E-05,2
8,0.01,0,4,32,2048,190,1.218E+04,1.001,0,20.51,213,0.6409,0.01001,5.966E-05,2.786E-07,5.939E-05,4
8,0.01,0,4,32,2048,208,1.323E+04,1.088,0,21.42,245,0.6965,0.01088,6.048E-05,3.212E-07,6.015E-05,8
8,0.01,0,4,32,2048,187,1.213E+04,0.9976,0,23.28,399,0.6385,0.009976,0.0001133,3.952E-07,0.0001129,16
8,0.01,0,4,32,2048,197,1.267E+04,1.042,0,17.99,184,0.6667,0.01042,0.000281,7.142E-07,0.0002803,32
8,0.01,0,4,32,2048,185,1.185E+04,0.9748,0,21.01,205,0.6239,0.009748,0.0004477,9.863E-07,0.0004467,64
8,0.02,0,4,32,2048,383,2.456E+04,1.01,0,23.8,345,1.293,0.0202,3.628E-05,4.507E-07,3.583E-05,2
8,0.02,0,4,32,2048,368,2.344E+04,0.964,0,22.09,216,1.234,0.01928,5.99E-05,5.127E-07,5.939E-05,4
8,0.02,0,4,32,2048,362,2.32E+04,0.9537,0,21.29,229,1.221,0.01907,6.076E-05,6.056E-07,6.015E-05,8
8,0.02,0,4,32,2048,387,2.482E+04,1.02,0,23.96,243,1.306,0.02041,0.0001137,8.425E-07,0.0001129,16
8,0.02,0,4,32,2048,371,2.382E+04,0.9795,0,22.66,259,1.254,0.01959,0.0002817,1.422E-06,0.0002803,32
8,0.02,0,4,32,2048,385,2.476E+04,1.018,0,23.02,256,1.303,0.02037,0.0004487,1.973E-06,0.0004467,64
8,0.03,0,4,32,2048,548,3.511E+04,0.9624,0,32.59,513,1.848,0.02887,3.651E-05,6.764E-07,3.583E-05,2
8,0.03,0,4,32,2048,597,3.829E+04,1.05,0,33.12,571,2.015,0.03149,6.021E-05,8.215E-07,5.939E-05,4
8,0.03,0,4,32,2048,583,3.720E+04,1.02,0,29.41,418,1.958,0.0306,6.109E-05,9.363E-07,6.015E-05,8
8,0.03,0,4,32,2048,613,3.932E+04,1.078,0,29.7,332,2.07,0.03234,0.0001142,1.344E-06,0.0001129,16
8,0.03,0,4,32,2048,571,3.66E+04,1.003,0,26.1,414,1.927,0.0301,0.0002824,2.088E-06,0.0002803,32
8,0.03,0,4,32,2048,598,3.801E+04,1.042,0,27.67,252,2,0.03125,0.0004498,3.049E-06,0.0004467,64
8,0.04,0,4,32,2048,742,4.755E+04,0.9776,0,51.71,1117,2.503,0.0391,3.673E-05,8.912E-07,3.583E-05,2
8,0.04,0,4,32,2048,824,5.232E+04,1.076,0,51.75,940,2.754,0.04303,6.053E-05,1.145E-06,5.939E-05,4
8,0.04,0,4,32,2048,788,5.015E+04,1.031,0,39.41,488,2.639,0.04124,6.141E-05,1.256E-06,6.015E-05,8
8,0.04,0,4,32,2048,723,4.624E+04,0.9507,0,33.65,347,2.434,0.03803,0.0001144,1.554E-06,0.0001129,16
8,0.04,0,4,32,2048,759,4.86E+04,0.9992,0,34.39,369,2.558,0.03997,0.0002831,2.801E-06,0.0002803,32
8,0.04,0,4,32,2048,746,4.771E+04,0.9808,0,36,439,2.511,0.03923,0.0004506,3.862E-06,0.0004467,64
8,0.05,0,4,32,2048,982,6.282E+04,1.033,0,79.06,1234,3.306,0.05166,3.702E-05,1.186E-06,3.583E-05,2
8,0.05,0,4,32,2048,951,6.073E+04,0.9989,0,66.54,947,3.196,0.04994,6.069E-05,1.3E-06,5.939E-05,4
8,0.05,0,4,32,2048,962,6.164E+04,1.014,0,58.48,888,3.244,0.05069,6.171E-05,1.559E-06,6.015E-05,8
8,0.05,0,4,32,2048,988,6.344E+04,1.043,0,52.24,689,3.339,0.05217,0.000115,2.084E-06,0.0001129,16
8,0.05,0,4,32,2048,956,6.126E+04,1.008,0,48.09,581,3.224,0.05038,0.0002838,3.447E-06,0.0002803,32
8,0.05,0,4,32,2048,945,6.047E+04,0.9946,0,42.28,875,3.183,0.04973,0.0004515,4.805E-06,0.0004467,64
8,0.06,0,4,32,2048,1117,7.152E+04,0.9802,0,113.7,1244,3.764,0.05881,3.723E-05,1.4E-06,3.583E-05,2
8,0.06,0,4,32,2048,1163,7.439E+04,1.02,0,131,1806,3.915,0.06118,6.097E-05,1.581E-06,5.939E-05,4
8,0.06,0,4,32,2048,1144,7.312E+04,1.002,0,89.24,1250,3.849,0.06013,6.203E-05,1.881E-06,6.015E-05,8
8,0.06,0,4,32,2048,1125,7.193E+04,0.9859,0,63.05,820,3.786,0.05915,0.0001153,2.372E-06,0.0001129,16
8,0.06,0,4,32,2048,1074,6.856E+04,0.9397,0,58.18,735,3.609,0.05638,0.0002842,3.922E-06,0.0002803,32
8,0.06,0,4,32,2048,1177,7.544E+04,1.034,0,65.95,954,3.971,0.06204,0.0004527,5.985E-06,0.0004467,64
8,0.07,0,4,32,2048,1304,8.342E+04,0.98,0,192.4,1946,4.39,0.0686,3.746E-05,1.629E-06,3.583E-05,2
8,0.07,0,4,32,2048,1350,8.588E+04,1.009,0,155.7,1423,4.52,0.07063,6.122E-05,1.835E-06,5.939E-05,4
8,0.07,0,4,32,2048,1372,8.77E+04,1.03,0,132.3,1548,4.616,0.07212,6.234E-05,2.182E-06,6.015E-05,8
8,0.07,0,4,32,2048,1275,8.197E+04,0.963,0,80.74,1130,4.314,0.06741,0.0001156,2.721E-06,0.0001129,16
8,0.07,0,4,32,2048,1326,8.479E+04,0.9961,0,83.52,1183,4.463,0.06973,0.0002851,4.778E-06,0.0002803,32
8,0.07,0,4,32,2048,1322,8.465E+04,0.9945,0,86.6,1457,4.455,0.06962,0.0004535,6.816E-06,0.0004467,64
8,0.08,0,4,32,2048,1459,9.340E+04,0.9602,0,436.5,3736,4.916,0.07681,3.763E-05,1.794E-06,3.583E-05,2
8,0.08,0,4,32,2048,1484,9.492E+04,0.9757,0,509.1,7499,4.996,0.07806,6.147E-05,2.083E-06,5.939E-05,4
8,0.08,0,4,32,2048,1558,1.001E+05,1.029,0,257.3,2986,5.27,0.08234,6.272E-05,2.567E-06,6.015E-05,8
8,0.08,0,4,32,2048,1565,9.981E+04,1.026,0,134.3,2690,5.253,0.08208,0.0001163,3.375E-06,0.0001129,16
8,0.08,0,4,32,2048,1569,1.006E+05,1.034,0,148.9,1940,5.293,0.0827,0.0002861,5.79E-06,0.0002803,32
8,0.08,0,4,32,2048,1499,9.611E+04,0.988,0,112.7,1393,5.058,0.07904,0.0004545,7.795E-06,0.0004467,64
8,0.09,0,4,32,2048,1592,1.014E+05,0.9265,0,543.1,4234,5.337,0.08339,3.781E-05,1.98E-06,3.583E-05,2
8,0.09,0,4,32,2048,1606,1.024E+05,0.9355,0,618.4,5953,5.388,0.08419,6.162E-05,2.235E-06,5.939E-05,4
8,0.09,0,4,32,2048,1689,1.077E+05,0.9845,0,650.3,7135,5.671,0.08861,6.292E-05,2.762E-06,6.015E-05,8
8,0.09,0,4,32,2048,1713,1.097E+05,1.002,0,230.8,3940,5.772,0.09019,0.0001166,3.698E-06,0.0001129,16
8,0.09,0,4,32,2048,1696,1.085E+05,0.991,0,182,2616,5.708,0.08919,0.0002865,6.186E-06,0.0002803,32
8,0.09,0,4,32,2048,1672,1.071E+05,0.9782,0,191.6,3503,5.635,0.08804,0.0004554,8.64E-06,0.0004467,64
8,0.1,0,4,32,2048,1681,1.073E+05,0.8825,0,1919,1.106E+04,5.648,0.08825,3.792E-05,2.082E-06,3.583E-05,2
8,0.1,0,4,32,2048,1715,1.097E+05,0.9023,0,741.3,5601,5.775,0.09023,6.179E-05,2.405E-06,5.939E-05,4
8,0.1,0,4,32,2048,1794,1.147E+05,0.9433,0,724.5,7728,6.037,0.09433,6.31E-05,2.943E-06,6.015E-05,8
8,0.1,0,4,32,2048,1796,1.146E+05,0.9423,0,303.8,5559,6.031,0.09423,0.0001167,3.823E-06,0.0001129,16
8,0.1,0,4,32,2048,1865,1.194E+05,0.9817,0,423.5,6315,6.283,0.09817,0.0002872,6.856E-06,0.0002803,32
8,0.1,0,4,32,2048,1801,1.152E+05,0.9475,0,167.9,2375,6.064,0.09475,0.000456,9.294E-06,0.0004467,64
8,0.11,0,4,32,2048,1683,1.074E+05,0.8032,0,1805,9186,5.655,0.08836,3.794E-05,2.108E-06,3.583E-05,2
8,0.11,0,4,32,2048,1679,1.071E+05,0.8009,0,1751,1.017E+04,5.638,0.0881,6.177E-05,2.381E-06,5.939E-05,4
8,0.11,0,4,32,2048,1766,1.129E+05,0.8442,0,1294,8765,5.943,0.09287,6.308E-05,2.926E-06,6.015E-05,8
8,0.11,0,4,32,2048,1911,1.219E+05,0.911,0,797.3,7518,6.414,0.1002,0.0001171,4.168E-06,0.0001129,16
8,0.11,0,4,32,2048,2023,1.292E+05,0.9663,0,599.1,6060,6.803,0.1063,0.0002878,7.462E-06,0.0002803,32
8,0.11,0,4,32,2048,2080,1.326E+05,0.991,0,319.7,3814,6.977,0.109,0.0004572,1.051E-05,0.0004467,64
8,0.12,0,4,32,2048,1741,1.113E+05,0.7625,0,2252,9409,5.856,0.0915,3.802E-05,2.186E-06,3.583E-05,2
8,0.12,0,4,32,2048,1772,1.131E+05,0.7748,0,2126,1.262E+04,5.951,0.09298,6.186E-05,2.476E-06,5.939E-05,4
8,0.12,0,4,32,2048,1796,1.148E+05,0.7865,0,2238,1.104E+04,6.04,0.09437,6.315E-05,2.995E-06,6.015E-05,8
8,0.12,0,4,32,2048,1912,1.218E+05,0.8344,0,1779,1.144E+04,6.408,0.1001,0.0001171,4.183E-06,0.0001129,16
8,0.12,0,4,32,2048,2023,1.293E+05,0.8858,0,669.3,7665,6.803,0.1063,0.0002879,7.583E-06,0.0002803,32
8,0.12,0,4,32,2048,2254,1.435E+05,0.9837,0,566.3,5895,7.554,0.118,0.0004585,1.179E-05,0.0004467,64
8,0.13,0,4,32,2048,1706,1.089E+05,0.6889,0,3150,1.292E+04,5.732,0.08956,3.797E-05,2.137E-06,3.583E-05,2
8,0.13,0,4,32,2048,1734,1.109E+05,0.7014,0,2896,1.271E+04,5.836,0.09118,6.181E-05,2.424E-06,5.939E-05,4
8,0.13,0,4,32,2048,1935,1.235E+05,0.781,0,1990,1.051E+04,6.498,0.1015,6.339E-05,3.232E-06,6.015E-05,8
8,0.13,0,4,32,2048,1942,1.244E+05,0.7872,0,1778,1.014E+04,6.549,0.1023,0.0001172,4.317E-06,0.0001129,16
8,0.13,0,4,32,2048,2181,1.394E+05,0.8817,0,1349,1.332E+04,7.336,0.1146,0.0002884,8.114E-06,0.0002803,32
8,0.13,0,4,32,2048,2220,1.422E+05,0.8995,0,956.2,1.22E+04,7.484,0.1169,0.0004585,1.174E-05,0.0004467,64
8,0.14,0,4,32,2048,1701,1.088E+05,0.6393,0,3249,1.539E+04,5.728,0.0895,3.798E-05,2.147E-06,3.583E-05,2
8,0.14,0,4,32,2048,1830,1.169E+05,0.6869,0,3284,1.422E+04,6.155,0.09617,6.19E-05,2.514E-06,5.939E-05,4
8,0.14,0,4,32,2048,1810,1.153E+05,0.6774,0,3320,1.32E+04,6.069,0.09483,6.311E-05,2.959E-06,6.015E-05,8
8,0.14,0,4,32,2048,2012,1.287E+05,0.7561,0,2062,1.306E+04,6.775,0.1059,0.0001173,4.394E-06,0.0001129,16
8,0.14,0,4,32,2048,2098,1.344E+05,0.7893,0,1898,1.301E+04,7.073,0.1105,0.0002882,7.873E-06,0.0002803,32
8,0.14,0,4,32,2048,2318,1.478E+05,0.8684,0,1454,1.364E+04,7.781,0.1216,0.000459,1.232E-05,0.0004467,64
8,0.15,0,4,32,2048,1800,1.15E+05,0.6303,0,3433,1.470E+04,6.051,0.09455,3.811E-05,2.273E-06,3.583E-05,2
8,0.15,0,4,32,2048,1784,1.14E+05,0.6248,0,3356,1.406E+04,5.998,0.09373,6.187E-05,2.482E-06,5.939E-05,4
8,0.15,0,4,32,2048,1892,1.208E+05,0.6622,0,3272,1.211E+04,6.358,0.09934,6.333E-05,3.179E-06,6.015E-05,8
8,0.15,0,4,32,2048,1906,1.223E+05,0.6705,0,2465,1.539E+04,6.437,0.1006,0.0001173,4.39E-06,0.0001129,16
8,0.15,0,4,32,2048,2157,1.377E+05,0.7552,0,1986,1.301E+04,7.25,0.1133,0.0002885,8.162E-06,0.0002803,32
8,0.15,0,4,32,2048,2343,1.494E+05,0.8191,0,1531,1.218E+04,7.863,0.1229,0.0004592,1.245E-05,0.0004467,64
8,0.16,0,4,32,2048,1796,1.149E+05,0.5904,0,4037,1.274E+04,6.046,0.09447,3.807E-05,2.234E-06,3.583E-05,2
8,0.16,0,4,32,2048,1783,1.142E+05,0.5868,0,3895,1.544E+04,6.009,0.09389,6.187E-05,2.487E-06,5.939E-05,4
8,0.16,0,4,32,2048,1894,1.21E+05,0.6222,0,3505,1.232E+04,6.371,0.09955,6.327E-05,3.118E-06,6.015E-05,8
8,0.16,0,4,32,2048,1972,1.257E+05,0.6462,0,3349,1.356E+04,6.617,0.1034,0.0001172,4.304E-06,0.0001129,16
8,0.16,0,4,32,2048,2097,1.342E+05,0.6898,0,2619,1.426E+04,7.063,0.1104,0.0002883,8.027E-06,0.0002803,32
8,0.16,0,4,32,2048,2266,1.446E+05,0.743,0,2072,1.511E+04,7.609,0.1189,0.0004589,1.215E-05,0.0004467,64
8,0.17,0,4,32,2048,1718,1.1E+05,0.532,0,3999,1.35E+04,5.789,0.09045,3.799E-05,2.16E-06,3.583E-05,2
8,0.17,0,4,32,2048,1860,1.187E+05,0.5742,0,3468,1.451E+04,6.248,0.09762,6.195E-05,2.566E-06,5.939E-05,4
8,0.17,0,4,32,2048,1876,1.199E+05,0.58,0,3862,1.411E+04,6.31,0.0986,6.332E-05,3.169E-06,6.015E-05,8
8,0.17,0,4,32,2048,1957,1.254E+05,0.6065,0,3460,1.58E+04,6.599,0.1031,0.0001173,4.387E-06,0.0001129,16
8,0.17,0,4,32,2048,2096,1.335E+05,0.6457,0,3018,1.543E+04,7.026,0.1098,0.0002883,8.014E-06,0.0002803,32
8,0.17,0,4,32,2048,2292,1.469E+05,0.7105,0,2340,1.268E+04,7.73,0.1208,0.0004593,1.259E-05,0.0004467,64
8,0.18,0,4,32,2048,1765,1.13E+05,0.5161,0,4682,1.552E+04,5.945,0.09289,3.802E-05,2.187E-06,3.583E-05,2
8,0.18,0,4,32,2048,1861,1.191E+05,0.5441,0,4327,1.403E+04,6.268,0.09794,6.201E-05,2.622E-06,5.939E-05,4
8,0.18,0,4,32,2048,1908,1.22E+05,0.5574,0,4235,1.436E+04,6.421,0.1003,6.336E-05,3.209E-06,6.015E-05,8
8,0.18,0,4,32,2048,2027,1.293E+05,0.5909,0,3971,1.46E+04,6.807,0.1064,0.0001174,4.552E-06,0.0001129,16
8,0.18,0,4,32,2048,2161,1.385E+05,0.6327,0,3282,1.447E+04,7.288,0.1139,0.0002886,8.258E-06,0.0002803,32
8,0.18,0,4,32,2048,2254,1.436E+05,0.6559,0,3115,1.548E+04,7.556,0.1181,0.0004589,1.216E-05,0.0004467,64
8,0.19,0,4,32,2048,1771,1.133E+05,0.4902,0,5263,1.544E+04,5.961,0.09314,3.806E-05,2.23E-06,3.583E-05,2
8,0.19,0,4,32,2048,1867,1.196E+05,0.5175,0,4652,1.38E+04,6.292,0.09832,6.203E-05,2.641E-06,5.939E-05,4
8,0.19,0,4,32,2048,1893,1.216E+05,0.5263,0,4095,1.369E+04,6.4,0.1,6.331E-05,3.157E-06,6.015E-05,8
8,0.19,0,4,32,2048,2010,1.281E+05,0.5543,0,3686,1.571E+04,6.741,0.1053,0.0001173,4.45E-06,0.0001129,16
8,0.19,0,4,32,2048,2070,1.329E+05,0.5753,0,3295,1.478E+04,6.996,0.1093,0.0002882,7.86E-06,0.0002803,32
8,0.19,0,4,32,2048,2351,1.502E+05,0.6501,0,2724,1.558E+04,7.905,0.1235,0.0004596,1.289E-05,0.0004467,64
8,0.2,0,4,32,2048,1784,1.14E+05,0.4687,0,5335,1.657E+04,5.999,0.09373,3.809E-05,2.253E-06,3.583E-05,2
8,0.2,0,4,32,2048,1813,1.161E+05,0.4774,0,4847,1.638E+04,6.111,0.09549,6.192E-05,2.535E-06,5.939E-05,4
8,0.2,0,4,32,2048,1888,1.202E+05,0.4943,0,4812,1.518E+04,6.327,0.09886,6.329E-05,3.131E-06,6.015E-05,8
8,0.2,0,4,32,2048,1954,1.254E+05,0.5157,0,4232,1.733E+04,6.601,0.1031,0.0001172,4.34E-06,0.0001129,16
8,0.2,0,4,32,2048,2085,1.339E+05,0.5506,0,3818,1.422E+04,7.048,0.1101,0.0002884,8.043E-06,0.0002803,32
8,0.2,0,4,32,2048,2255,1.445E+05,0.5943,0,3201,1.772E+04,7.608,0.1189,0.0004593,1.254E-05,0.0004467,64
8,0.21,0,4,32,2048,1804,1.154E+05,0.4518,0,5193,1.644E+04,6.072,0.09488,3.808E-05,2.246E-06,3.583E-05,2
8,0.21,0,4,32,2048,1801,1.153E+05,0.4517,0,5652,1.522E+04,6.07,0.09485,6.192E-05,2.539E-06,5.939E-05,4
8,0.21,0,4,32,2048,1888,1.207E+05,0.4726,0,5428,1.571E+04,6.351,0.09924,6.331E-05,3.16E-06,6.015E-05,8
8,0.21,0,4,32,2048,1929,1.237E+05,0.4843,0,4876,1.632E+04,6.509,0.1017,0.0001173,4.378E-06,0.0001129,16
8,0.21,0,4,32,2048,2110,1.353E+05,0.5299,0,4033,1.493E+04,7.122,0.1113,0.0002884,8.069E-06,0.0002803,32
8,0.21,0,4,32,2048,2194,1.403E+05,0.5493,0,3359,1.714E+04,7.383,0.1154,0.0004584,1.169E-05,0.0004467,64
8,0.22,0,4,32,2048,1714,1.098E+05,0.4106,0,5615,1.522E+04,5.781,0.09032,3.797E-05,2.137E-06,3.583E-05,2
8,0.22,0,4,32,2048,1877,1.2E+05,0.4484,0,5467,1.504E+04,6.314,0.09866,6.203E-05,2.642E-06,5.939E-05,4
8,0.22,0,4,32,2048,1944,1.243E+05,0.4646,0,4804,1.425E+04,6.541,0.1022,6.342E-05,3.269E-06,6.015E-05,8
8,0.22,0,4,32,2048,2011,1.288E+05,0.4813,0,5119,1.538E+04,6.776,0.1059,0.0001173,4.405E-06,0.0001129,16
8,0.22,0,4,32,2048,2167,1.389E+05,0.5191,0,4262,1.623E+04,7.308,0.1142,0.0002887,8.426E-06,0.0002803,32
8,0.22,0,4,32,2048,2262,1.451E+05,0.5425,0,3907,1.698E+04,7.639,0.1194,0.0004594,1.269E-05,0.0004467,64
8,0.23,0,4,32,2048,1762,1.129E+05,0.4038,0,5925,1.544E+04,5.943,0.09287,3.809E-05,2.254E-06,3.583E-05,2
8,0.23,0,4,32,2048,1795,1.146E+05,0.4099,0,6056,1.583E+04,6.034,0.09428,6.197E-05,2.581E-06,5.939E-05,4
8,0.23,0,4,32,2048,1918,1.229E+05,0.4395,0,5428,1.579E+04,6.47,0.1011,6.336E-05,3.208E-06,6.015E-05,8
8,0.23,0,4,32,2048,1953,1.254E+05,0.4482,0,5013,1.53E+04,6.598,0.1031,0.0001172,4.348E-06,0.0001129,16
8,0.23,0,4,32,2048,2120,1.361E+05,0.4866,0,4843,1.608E+04,7.162,0.1119,0.0002885,8.142E-06,0.0002803,32
8,0.23,0,4,32,2048,2344,1.503E+05,0.5373,0,3774,1.661E+04,7.91,0.1236,0.0004598,1.305E-05,0.0004467,64
8,0.24,0,4,32,2048,1771,1.135E+05,0.389,0,6394,1.664E+04,5.975,0.09336,3.802E-05,2.185E-06,3.583E-05,2
8,0.24,0,4,32,2048,1821,1.166E+05,0.3994,0,5927,1.626E+04,6.135,0.09586,6.198E-05,2.596E-06,5.939E-05,4
8,0.24,0,4,32,2048,1884,1.202E+05,0.4119,0,5862,1.776E+04,6.327,0.09886,6.323E-05,3.078E-06,6.015E-05,8
8,0.24,0,4,32,2048,2006,1.287E+05,0.4409,0,5388,1.637E+04,6.773,0.1058,0.0001173,4.409E-06,0.0001129,16
8,0.24,0,4,32,2048,2259,1.449E+05,0.4965,0,4207,1.476E+04,7.626,0.1192,0.000289,8.676E-06,0.0002803,32
8,0.24,0,4,32,2048,2346,1.506E+05,0.516,0,3911,1.545E+04,7.926,0.1238,0.0004598,1.312E-05,0.0004467,64
8,0.25,0,4,32,2048,1709,1.093E+05,0.3594,0,6234,1.682E+04,5.75,0.08984,3.797E-05,2.136E-06,3.583E-05,2
8,0.25,0,4,32,2048,1778,1.142E+05,0.3758,0,5832,1.666E+04,6.013,0.09395,6.189E-05,2.508E-06,5.939E-05,4
8,0.25,0,4,32,2048,1929,1.233E+05,0.4057,0,5735,1.6E+04,6.491,0.1014,6.344E-05,3.291E-06,6.015E-05,8
8,0.25,0,4,32,2048,2011,1.289E+05,0.4239,0,5542,1.538E+04,6.783,0.106,0.0001173,4.442E-06,0.0001129,16
8,0.25,0,4,32,2048,2126,1.367E+05,0.4496,0,4720,1.76E+04,7.194,0.1124,0.0002886,8.242E-06,0.0002803,32
8,0.25,0,4,32,2048,2314,1.482E+05,0.4873,0,4554,1.649E+04,7.797,0.1218,0.0004594,1.273E-05,0.0004467,64
8,0.26,0,4,32,2048,1781,1.141E+05,0.361,0,6185,1.609E+04,6.007,0.09385,3.808E-05,2.247E-06,3.583E-05,2
8,0.26,0,4,32,2048,1844,1.181E+05,0.3735,0,6355,1.544E+04,6.215,0.09711,6.198E-05,2.598E-06,5.939E-05,4
8,0.26,0,4,32,2048,1880,1.205E+05,0.3811,0,6330,1.682E+04,6.342,0.0991,6.328E-05,3.124E-06,6.015E-05,8
8,0.26,0,4,32,2048,2003,1.284E+05,0.4061,0,5426,1.574E+04,6.757,0.1056,0.0001174,4.471E-06,0.0001129,16
8,0.26,0,4,32,2048,2126,1.361E+05,0.4306,0,5505,1.537E+04,7.165,0.112,0.0002886,8.258E-06,0.0002803,32
8,0.26,0,4,32,2048,2207,1.421E+05,0.4494,0,4648,1.597E+04,7.478,0.1168,0.0004587,1.196E-05,0.0004467,64
8,0.27,0,4,32,2048,1770,1.134E+05,0.3453,0,6521,1.668E+04,5.966,0.09322,3.813E-05,2.296E-06,3.583E-05,2
8,0.27,0,4,32,2048,1785,1.144E+05,0.3486,0,6453,1.688E+04,6.023,0.09411,6.192E-05,2.535E-06,5.939E-05,4
8,0.27,0,4,32,2048,1847,1.182E+05,0.3599,0,6390,1.609E+04,6.219,0.09718,6.325E-05,3.094E-06,6.015E-05,8
8,0.27,0,4,32,2048,1939,1.237E+05,0.3769,0,5919,1.613E+04,6.512,0.1018,0.0001172,4.263E-06,0.0001129,16
8,0.27,0,4,32,2048,2268,1.451E+05,0.442,0,5501,1.72E+04,7.638,0.1193,0.000289,8.713E-06,0.0002803,32
8,0.27,0,4,32,2048,2317,1.488E+05,0.4533,0,4641,1.647E+04,7.834,0.1224,0.0004598,1.311E-05,0.0004467,64
8,0.28,0,4,32,2048,1745,1.116E+05,0.3278,0,6719,1.7E+04,5.874,0.09179,3.803E-05,2.199E-06,3.583E-05,2
8,0.28,0,4,32,2048,1836,1.179E+05,0.3462,0,6344,1.615E+04,6.203,0.09693,6.198E-05,2.592E-06,5.939E-05,4
8,0.28,0,4,32,2048,1975,1.262E+05,0.3705,0,6192,1.673E+04,6.64,0.1037,6.339E-05,3.231E-06,6.015E-05,8
8,0.28,0,4,32,2048,2041,1.308E+05,0.3841,0,5981,1.472E+04,6.883,0.1076,0.0001173,4.457E-06,0.0001129,16
8,0.28,0,4,32,2048,2095,1.345E+05,0.395,0,5468,1.654E+04,7.079,0.1106,0.0002883,8.028E-06,0.0002803,32
8,0.28,0,4,32,2048,2285,1.465E+05,0.4304,0,4733,1.655E+04,7.712,0.1205,0.0004594,1.268E-05,0.0004467,64
8,0.29,0,4,32,2048,1766,1.132E+05,0.3211,0,6836,1.663E+04,5.96,0.09313,3.812E-05,2.288E-06,3.583E-05,2
8,0.29,0,4,32,2048,1778,1.141E+05,0.3237,0,6797,1.665E+04,6.007,0.09387,6.192E-05,2.53E-06,5.939E-05,4
8,0.29,0,4,32,2048,1845,1.183E+05,0.3355,0,6315,1.574E+04,6.228,0.09731,6.329E-05,3.133E-06,6.015E-05,8
8,0.29,0,4,32,2048,1991,1.277E+05,0.3622,0,6174,1.653E+04,6.723,0.105,0.0001173,4.382E-06,0.0001129,16
8,0.29,0,4,32,2048,2053,1.319E+05,0.374,0,5546,1.788E+04,6.942,0.1085,0.0002885,8.195E-06,0.0002803,32
8,0.29,0,4,32,2048,2230,1.433E+05,0.4063,0,5145,1.641E+04,7.541,0.1178,0.0004589,1.218E-05,0.0004467,64
8,0.3,0,4,32,2048,1785,1.145E+05,0.3138,0,6817,1.68E+04,6.026,0.09415,3.81E-05,2.265E-06,3.583E-05,2
8,0.3,0,4,32,2048,1790,1.147E+05,0.3145,0,6892,1.784E+04,6.038,0.09434,6.194E-05,2.556E-06,5.939E-05,4
8,0.3,0,4,32,2048,1868,1.196E+05,0.3279,0,6559,1.802E+04,6.296,0.09838,6.327E-05,3.12E-06,6.015E-05,8
8,0.3,0,4,32,2048,2033,1.306E+05,0.358,0,6420,1.58E+04,6.874,0.1074,0.0001174,4.53E-06,0.0001129,16
8,0.3,0,4,32,2048,2114,1.356E+05,0.3718,0,5480,1.752E+04,7.139,0.1115,0.0002884,8.13E-06,0.0002803,32
8,0.3,0,4,32,2048,2210,1.419E+05,0.389,0,5252,1.875E+04,7.47,0.1167,0.0004589,1.223E-05,0.0004467,64
8,0.31,0,4,32,2048,1797,1.156E+05,0.3066,0,6921,1.595E+04,6.083,0.09505,3.811E-05,2.274E-06,3.583E-05,2
8,0.31,0,4,32,2048,1751,1.123E+05,0.2978,0,7083,1.685E+04,5.908,0.09232,6.194E-05,2.55E-06,5.939E-05,4
8,0.31,0,4,32,2048,1860,1.194E+05,0.3168,0,6737,1.592E+04,6.285,0.09821,6.329E-05,3.138E-06,6.015E-05,8
8,0.31,0,4,32,2048,2021,1.293E+05,0.3431,0,6683,1.729E+04,6.807,0.1064,0.0001174,4.557E-06,0.0001129,16
8,0.31,0,4,32,2048,2110,1.349E+05,0.3578,0,6141,1.66E+04,7.099,0.1109,0.0002886,8.312E-06,0.0002803,32
8,0.31,0,4,32,2048,2294,1.471E+05,0.3902,0,5443,1.801E+04,7.741,0.121,0.0004597,1.299E-05,0.0004467,64
8,0.32,0,4,32,2048,1759,1.126E+05,0.2893,0,7447,1.664E+04,5.924,0.09256,3.805E-05,2.218E-06,3.583E-05,2
8,0.32,0,4,32,2048,1767,1.134E+05,0.2914,0,7099,1.733E+04,5.968,0.09325,6.193E-05,2.547E-06,5.939E-05,4
8,0.32,0,4,32,2048,1911,1.227E+05,0.3154,0,6911,1.624E+04,6.46,0.1009,6.338E-05,3.226E-06,6.015E-05,8
8,0.32,0,4,32,2048,2011,1.289E+05,0.3312,0,6426,1.74E+04,6.782,0.106,0.0001174,4.532E-06,0.0001129,16
8,0.32,0,4,32,2048,2168,1.391E+05,0.3575,0,5924,1.649E+04,7.322,0.1144,0.0002886,8.313E-06,0.0002803,32
8,0.32,0,4,32,2048,2283,1.466E+05,0.3767,0,5565,1.778E+04,7.714,0.1205,0.0004594,1.267E-05,0.0004467,64
8,0.33,0,4,32,2048,1755,1.122E+05,0.2796,0,7422,1.768E+04,5.904,0.09226,3.806E-05,2.224E-06,3.583E-05,2
8,0.33,0,4,32,2048,1858,1.195E+05,0.2979,0,7125,1.803E+04,6.291,0.0983,6.199E-05,2.599E-06,5.939E-05,4
8,0.33,0,4,32,2048,1858,1.19E+05,0.2966,0,7005,1.711E+04,6.265,0.09789,6.324E-05,3.083E-06,6.015E-05,8
8,0.33,0,4,32,2048,1994,1.28E+05,0.3189,0,7085,1.706E+04,6.736,0.1052,0.0001173,4.432E-06,0.0001129,16
8,0.33,0,4,32,2048,2054,1.319E+05,0.3287,0,6294,1.584E+04,6.942,0.1085,0.0002879,7.564E-06,0.0002803,32
8,0.33,0,4,32,2048,2369,1.518E+05,0.3782,0,5262,1.843E+04,7.988,0.1248,0.0004601,1.336E-05,0.0004467,64
8,0.34,0,4,32,2048,1719,1.101E+05,0.2664,0,7197,1.689E+04,5.796,0.09057,3.801E-05,2.176E-06,3.583E-05,2
8,0.34,0,4,32,2048,1827,1.174E+05,0.284,0,7180,1.706E+04,6.18,0.09657,6.201E-05,2.626E-06,5.939E-05,4
8,0.34,0,4,32,2048,1876,1.203E+05,0.2909,0,7362,1.685E+04,6.33,0.09891,6.34E-05,3.248E-06,6.015E-05,8
8,0.34,0,4,32,2048,1991,1.278E+05,0.309,0,6610,1.759E+04,6.725,0.1051,0.0001173,4.444E-06,0.0001129,16
8,0.34,0,4,32,2048,2097,1.346E+05,0.3255,0,6417,1.762E+04,7.082,0.1107,0.0002886,8.298E-06,0.0002803,32
8,0.34,0,4,32,2048,2335,1.499E+05,0.3625,0,5655,1.717E+04,7.887,0.1232,0.0004593,1.259E-05,0.0004467,64
8,0.35,0,4,32,2048,1775,1.135E+05,0.2666,0,7491,1.734E+04,5.973,0.09332,3.807E-05,2.236E-06,3.583E-05,2
8,0.35,0,4,32,2048,1767,1.134E+05,0.2664,0,7366,1.685E+04,5.968,0.09325,6.188E-05,2.497E-06,5.939E-05,4
8,0.35,0,4,32,2048,1851,1.185E+05,0.2784,0,7175,1.739E+04,6.237,0.09745,6.329E-05,3.138E-06,6.015E-05,8
8,0.35,0,4,32,2048,2067,1.322E+05,0.3105,0,6883,1.738E+04,6.956,0.1087,0.0001174,4.501E-06,0.0001129,16
8,0.35,0,4,32,2048,2048,1.315E+05,0.3091,0,6457,1.784E+04,6.924,0.1082,0.0002884,8.089E-06,0.0002803,32
8,0.35,0,4,32,2048,2328,1.494E+05,0.351,0,5878,1.82E+04,7.863,0.1229,0.0004598,1.309E-05,0.0004467,64
8,0.36,0,4,32,2048,1774,1.136E+05,0.2594,0,7410,1.829E+04,5.977,0.09338,3.806E-05,2.224E-06,3.583E-05,2
8,0.36,0,4,32,2048,1856,1.186E+05,0.271,0,7166,1.722E+04,6.244,0.09757,6.2E-05,2.61E-06,5.939E-05,4
8,0.36,0,4,32,2048,1841,1.181E+05,0.2697,0,7196,1.751E+04,6.214,0.09709,6.324E-05,3.089E-06,6.015E-05,8
8,0.36,0,4,32,2048,2044,1.311E+05,0.2995,0,7022,1.633E+04,6.901,0.1078,0.0001174,4.509E-06,0.0001129,16
8,0.36,0,4,32,2048,2079,1.336E+05,0.3052,0,6453,1.727E+04,7.033,0.1099,0.0002886,8.296E-06,0.0002803,32
8,0.36,0,4,32,2048,2285,1.468E+05,0.3354,0,6318,1.767E+04,7.728,0.1207,0.0004591,1.242E-05,0.0004467,64
8,0.37,0,4,32,2048,1726,1.103E+05,0.2452,0,7599,1.772E+04,5.807,0.09074,3.804E-05,2.202E-06,3.583E-05,2
8,0.37,0,4,32,2048,1757,1.125E+05,0.25,0,7524,1.813E+04,5.92,0.0925,6.188E-05,2.497E-06,5.939E-05,4
8,0.37,0,4,32,2048,1928,1.241E+05,0.2759,0,7263,1.794E+04,6.532,0.1021,6.339E-05,3.234E-06,6.015E-05,8
8,0.37,0,4,32,2048,2033,1.306E+05,0.2903,0,6944,1.768E+04,6.874,0.1074,0.0001173,4.447E-06,0.0001129,16
8,0.37,0,4,32,2048,2148,1.384E+05,0.3076,0,6593,1.727E+04,7.283,0.1138,0.0002885,8.171E-06,0.0002803,32
8,0.37,0,4,32,2048,2398,1.537E+05,0.3415,0,6158,1.775E+04,8.087,0.1264,0.0004601,1.34E-05,0.0004467,64
8,0.38,0,4,32,2048,1694,1.086E+05,0.2351,0,7775,1.733E+04,5.718,0.08934,3.801E-05,2.175E-06,3.583E-05,2
8,0.38,0,4,32,2048,1840,1.181E+05,0.2556,0,7729,1.71E+04,6.217,0.09714,6.204E-05,2.652E-06,5.939E-05,4
8,0.38,0,4,32,2048,1846,1.181E+05,0.2555,0,7807,1.794E+04,6.215,0.09711,6.328E-05,3.128E-06,6.015E-05,8
8,0.38,0,4,32,2048,2013,1.286E+05,0.2783,0,7041,1.668E+04,6.768,0.1057,0.0001174,4.495E-06,0.0001129,16
8,0.38,0,4,32,2048,2115,1.355E+05,0.2933,0,6682,1.729E+04,7.134,0.1115,0.0002882,7.929E-06,0.0002803,32
8,0.38,0,4,32,2048,2349,1.507E+05,0.3262,0,5945,1.823E+04,7.933,0.124,0.0004602,1.346E-05,0.0004467,64
8,0.39,0,4,32,2048,1726,1.106E+05,0.2333,0,7820,1.763E+04,5.823,0.09098,3.805E-05,2.22E-06,3.583E-05,2
8,0.39,0,4,32,2048,1834,1.174E+05,0.2475,0,7614,1.67E+04,6.179,0.09654,6.202E-05,2.636E-06,5.939E-05,4
8,0.39,0,4,32,2048,1951,1.251E+05,0.2637,0,7446,1.766E+04,6.582,0.1028,6.343E-05,3.281E-06,6.015E-05,8
8,0.39,0,4,32,2048,1966,1.257E+05,0.265,0,7242,1.82E+04,6.614,0.1033,0.0001173,4.424E-06,0.0001129,16
8,0.39,0,4,32,2048,2157,1.382E+05,0.2915,0,6505,1.687E+04,7.275,0.1137,0.0002886,8.258E-06,0.0002803,32
8,0.39,0,4,32,2048,2307,1.486E+05,0.3134,0,6102,1.795E+04,7.822,0.1222,0.0004597,1.299E-05,0.0004467,64
8,0.4,0,4,32,2048,1752,1.12E+05,0.2302,0,7651,1.733E+04,5.894,0.0921,3.806E-05,2.225E-06,3.583E-05,2
8,0.4,0,4,32,2048,1799,1.156E+05,0.2378,0,7704,1.701E+04,6.087,0.0951,6.196E-05,2.576E-06,5.939E-05,4
8,0.4,0,4,32,2048,1942,1.245E+05,0.256,0,7652,1.791E+04,6.552,0.1024,6.343E-05,3.281E-06,6.015E-05,8
8,0.4,0,4,32,2048,2087,1.343E+05,0.2761,0,7208,1.704E+04,7.068,0.1104,0.0001175,4.582E-06,0.0001129,16
8,0.4,0,4,32,2048,2089,1.346E+05,0.2767,0,6696,1.75E+04,7.082,0.1107,0.0002885,8.185E-06,0.0002803,32
8,0.4,0,4,32,2048,2323,1.486E+05,0.3054,0,6569,1.732E+04,7.819,0.1222,0.0004596,1.285E-05,0.0004467,64
8,0.41,0,4,32,2048,1690,1.081E+05,0.2167,0,7872,1.834E+04,5.687,0.08886,3.799E-05,2.161E-06,3.583E-05,2
8,0.41,0,4,32,2048,1746,1.121E+05,0.2248,0,7682,1.739E+04,5.899,0.09217,6.188E-05,2.491E-06,5.939E-05,4
8,0.41,0,4,32,2048,1956,1.254E+05,0.2516,0,7485,1.7E+04,6.603,0.1032,6.347E-05,3.321E-06,6.015E-05,8
8,0.41,0,4,32,2048,1970,1.264E+05,0.2535,0,7458,1.737E+04,6.651,0.1039,0.0001173,4.452E-06,0.0001129,16
8,0.41,0,4,32,2048,2137,1.369E+05,0.2745,0,6981,1.92E+04,7.203,0.1125,0.0002886,8.285E-06,0.0002803,32
8,0.41,0,4,32,2048,2203,1.416E+05,0.284,0,6572,1.866E+04,7.452,0.1164,0.0004587,1.2E-05,0.0004467,64
8,0.42,0,4,32,2048,1738,1.113E+05,0.218,0,7896,1.764E+04,5.859,0.09155,3.809E-05,2.253E-06,3.583E-05,2
8,0.42,0,4,32,2048,1766,1.131E+05,0.2215,0,7669,1.723E+04,5.953,0.09301,6.183E-05,2.444E-06,5.939E-05,4
8,0.42,0,4,32,2048,1871,1.201E+05,0.2351,0,7724,1.696E+04,6.321,0.09876,6.335E-05,3.193E-06,6.015E-05,8
8,0.42,0,4,32,2048,1961,1.253E+05,0.2453,0,7850,1.908E+04,6.593,0.103,0.0001173,4.37E-06,0.0001129,16
8,0.42,0,4,32,2048,2183,1.401E+05,0.2744,0,6821,1.883E+04,7.375,0.1152,0.0002888,8.441E-06,0.0002803,32
8,0.42,0,4,32,2048,2364,1.519E+05,0.2974,0,6412,1.798E+04,7.993,0.1249,0.0004602,1.344E-05,0.0004467,64
8,0.43,0,4,32,2048,1702,1.092E+05,0.2089,0,8097,1.721E+04,5.748,0.08982,3.801E-05,2.176E-06,3.583E-05,2
8,0.43,0,4,32,2048,1770,1.131E+05,0.2163,0,8292,1.812E+04,5.953,0.09301,6.192E-05,2.538E-06,5.939E-05,4
8,0.43,0,4,32,2048,1836,1.177E+05,0.225,0,7961,1.776E+04,6.193,0.09677,6.327E-05,3.12E-06,6.015E-05,8
8,0.43,0,4,32,2048,2025,1.3E+05,0.2485,0,7360,1.704E+04,6.84,0.1069,0.0001174,4.479E-06,0.0001129,16
8,0.43,0,4,32,2048,2061,1.327E+05,0.2537,0,7210,1.759E+04,6.983,0.1091,0.0002884,8.045E-06,0.0002803,32
8,0.43,0,4,32,2048,2171,1.395E+05,0.2669,0,6652,1.781E+04,7.345,0.1148,0.0004585,1.175E-05,0.0004467,64
8,0.44,0,4,32,2048,1794,1.149E+05,0.2147,0,7861,1.78E+04,6.045,0.09445,3.809E-05,2.255E-06,3.583E-05,2
8,0.44,0,4,32,2048,1800,1.154E+05,0.2156,0,7938,1.811E+04,6.072,0.09488,6.194E-05,2.555E-06,5.939E-05,4
8,0.44,0,4,32,2048,1906,1.22E+05,0.2281,0,8250,1.869E+04,6.422,0.1003,6.333E-05,3.172E-06,6.015E-05,8
8,0.44,0,4,32,2048,2066,1.324E+05,0.2475,0,7558,1.73E+04,6.969,0.1089,0.0001175,4.652E-06,0.0001129,16
8,0.44,0,4,32,2048,2059,1.32E+05,0.2466,0,7302,1.936E+04,6.945,0.1085,0.0002884,8.057E-06,0.0002803,32
8,0.44,0,4,32,2048,2256,1.451E+05,0.2713,0,6885,1.726E+04,7.639,0.1194,0.000459,1.23E-05,0.0004467,64
8,0.45,0,4,32,2048,1746,1.118E+05,0.2044,0,8143,1.775E+04,5.886,0.09197,3.806E-05,2.23E-06,3.583E-05,2
8,0.45,0,4,32,2048,1811,1.163E+05,0.2125,0,7737,1.832E+04,6.121,0.09563,6.196E-05,2.574E-06,5.939E-05,4
8,0.45,0,4,32,2048,1872,1.198E+05,0.2189,0,7862,1.728E+04,6.306,0.09853,6.329E-05,3.14E-06,6.015E-05,8
8,0.45,0,4,32,2048,2082,1.333E+05,0.2436,0,7530,1.727E+04,7.016,0.1096,0.0001175,4.629E-06,0.0001129,16
8,0.45,0,4,32,2048,2212,1.415E+05,0.2587,0,7232,1.723E+04,7.449,0.1164,0.0002888,8.473E-06,0.0002803,32
8,0.45,0,4,32,2048,2363,1.517E+05,0.2772,0,6544,1.872E+04,7.984,0.1248,0.0004601,1.338E-05,0.0004467,64
8,0.46,0,4,32,2048,1703,1.095E+05,0.1958,0,8036,1.734E+04,5.765,0.09008,3.798E-05,2.146E-06,3.583E-05,2
8,0.46,0,4,32,2048,1856,1.186E+05,0.2119,0,8170,1.818E+04,6.24,0.0975,6.198E-05,2.594E-06,5.939E-05,4
8,0.46,0,4,32,2048,1929,1.234E+05,0.2206,0,7968,1.783E+04,6.494,0.1015,6.341E-05,3.252E-06,6.015E-05,8
8,0.46,0,4,32,2048,1971,1.265E+05,0.2262,0,7769,1.79E+04,6.658,0.104,0.0001174,4.488E-06,0.0001129,16
8,0.46,0,4,32,2048,2132,1.372E+05,0.2453,0,7387,1.837E+04,7.22,0.1128,0.0002884,8.133E-06,0.0002803,32
8,0.46,0,4,32,2048,2267,1.458E+05,0.2607,0,7337,1.814E+04,7.674,0.1199,0.0004593,1.259E-05,0.0004467,64
8,0.47,0,4,32,2048,1816,1.159E+05,0.2029,0,8117,1.809E+04,6.102,0.09535,3.813E-05,2.301E-06,3.583E-05,2
8,0.47,0,4,32,2048,1807,1.158E+05,0.2027,0,8286,1.846E+04,6.097,0.09526,6.198E-05,2.59E-06,5.939E-05,4
8,0.47,0,4,32,2048,1926,1.238E+05,0.2166,0,7965,1.763E+04,6.516,0.1018,6.333E-05,3.173E-06,6.015E-05,8
8,0.47,0,4,32,2048,2006,1.285E+05,0.2249,0,7630,1.869E+04,6.764,0.1057,0.0001175,4.616E-06,0.0001129,16
8,0.47,0,4,32,2048,2093,1.347E+05,0.2356,0,6973,1.791E+04,7.088,0.1107,0.0002885,8.234E-06,0.0002803,32
8,0.47,0,4,32,2048,2247,1.447E+05,0.2532,0,6988,1.813E+04,7.615,0.119,0.0004591,1.237E-05,0.0004467,64
8,0.48,0,4,32,2048,1664,1.065E+05,0.1825,0,8507,1.811E+04,5.606,0.0876,3.797E-05,2.137E-06,3.583E-05,2
8,0.48,0,4,32,2048,1732,1.111E+05,0.1904,0,8160,1.826E+04,5.848,0.09138,6.186E-05,2.477E-06,5.939E-05,4
8,0.48,0,4,32,2048,1807,1.162E+05,0.199,0,7959,1.786E+04,6.114,0.09554,6.326E-05,3.105E-06,6.015E-05,8
8,0.48,0,4,32,2048,2035,1.301E+05,0.2228,0,8055,1.742E+04,6.845,0.107,0.0001175,4.566E-06,0.0001129,16
8,0.48,0,4,32,2048,2157,1.383E+05,0.237,0,7391,1.822E+04,7.281,0.1138,0.0002886,8.283E-06,0.0002803,32
8,0.48,0,4,32,2048,2216,1.425E+05,0.2442,0,6751,1.776E+04,7.501,0.1172,0.0004593,1.254E-05,0.0004467,64
8,0.49,0,4,32,2048,1729,1.107E+05,0.1858,0,8652,1.786E+04,5.827,0.09104,3.801E-05,2.177E-06,3.583E-05,2
8,0.49,0,4,32,2048,1775,1.133E+05,0.1902,0,8089,1.836E+04,5.965,0.0932,6.188E-05,2.494E-06,5.939E-05,4
8,0.49,0,4,32,2048,1876,1.204E+05,0.2021,0,8123,1.730E+04,6.338,0.09903,6.338E-05,3.226E-06,6.015E-05,8
8,0.49,0,4,32,2048,1989,1.276E+05,0.2142,0,7973,1.777E+04,6.716,0.1049,0.0001174,4.468E-06,0.0001129,16
8,0.49,0,4,32,2048,2136,1.371E+05,0.23,0,7291,1.866E+04,7.214,0.1127,0.0002888,8.501E-06,0.0002803,32
8,0.49,0,4,32,2048,2309,1.481E+05,0.2486,0,6951,1.895E+04,7.795,0.1218,0.0004598,1.308E-05,0.0004467,64
8,0.5,0,4,32,2048,1718,1.102E+05,0.1813,0,8253,1.737E+04,5.802,0.09066,3.802E-05,2.183E-06,3.583E-05,2
8,0.5,0,4,32,2048,1850,1.182E+05,0.1944,0,8475,1.768E+04,6.221,0.0972,6.2E-05,2.611E-06,5.939E-05,4
8,0.5,0,4,32,2048,1814,1.166E+05,0.1918,0,8272,1.793E+04,6.136,0.09588,6.318E-05,3.026E-06,6.015E-05,8
8,0.5,0,4,32,2048,1973,1.267E+05,0.2083,0,7902,1.744E+04,6.667,0.1042,0.0001173,4.419E-06,0.0001129,16
8,0.5,0,4,32,2048,2195,1.407E+05,0.2313,0,7512,1.754E+04,7.403,0.1157,0.0002886,8.277E-06,0.0002803,32
8,0.5,0,4,32,2048,2264,1.453E+05,0.2389,0,6943,1.792E+04,7.645,0.1195,0.0004591,1.242E-05,0.0004467,64
8,0.51,0,4,32,2048,1744,1.121E+05,0.1808,0,8317,1.793E+04,5.901,0.0922,3.806E-05,2.228E-06,3.583E-05,2
8,0.51,0,4,32,2048,1779,1.142E+05,0.1842,0,8538,1.776E+04,6.011,0.09392,6.193E-05,2.543E-06,5.939E-05,4
8,0.51,0,4,32,2048,1886,1.212E+05,0.1954,0,8150,1.809E+04,6.378,0.09966,6.333E-05,3.179E-06,6.015E-05,8
8,0.51,0,4,32,2048,2004,1.285E+05,0.2071,0,7903,1.786E+04,6.761,0.1056,0.0001174,4.497E-06,0.0001129,16
8,0.51,0,4,32,2048,2161,1.389E+05,0.2239,0,7443,1.833E+04,7.308,0.1142,0.0002887,8.425E-06,0.0002803,32
8,0.51,0,4,32,2048,2385,1.528E+05,0.2464,0,7203,1.796E+04,8.041,0.1256,0.00046,1.324E-05,0.0004467,64
8,0.52,0,4,32,2048,1747,1.12E+05,0.1771,0,8446,1.83E+04,5.892,0.09207,3.806E-05,2.226E-06,3.583E-05,2
8,0.52,0,4,32,2048,1723,1.1E+05,0.1739,0,8936,1.897E+04,5.789,0.09045,6.181E-05,2.428E-06,5.939E-05,4
8,0.52,0,4,32,2048,1850,1.187E+05,0.1877,0,8182,1.869E+04,6.246,0.0976,6.329E-05,3.141E-06,6.015E-05,8
8,0.52,0,4,32,2048,1944,1.244E+05,0.1967,0,8262,1.777E+04,6.546,0.1023,0.0001172,4.35E-06,0.0001129,16
8,0.52,0,4,32,2048,2244,1.439E+05,0.2276,0,7661,1.878E+04,7.573,0.1183,0.000289,8.65E-06,0.0002803,32
8,0.52,0,4,32,2048,2403,1.541E+05,0.2437,0,7106,1.806E+04,8.11,0.1267,0.0004602,1.349E-05,0.0004467,64
8,0.53,0,4,32,2048,1781,1.143E+05,0.1773,0,8427,1.809E+04,6.014,0.09396,3.813E-05,2.292E-06,3.583E-05,2
8,0.53,0,4,32,2048,1758,1.129E+05,0.1752,0,8226,1.817E+04,5.941,0.09283,6.19E-05,2.512E-06,5.939E-05,4
8,0.53,0,4,32,2048,1883,1.202E+05,0.1865,0,8573,1.738E+04,6.327,0.09887,6.333E-05,3.172E-06,6.015E-05,8
8,0.53,0,4,32,2048,1863,1.195E+05,0.1854,0,8105,1.857E+04,6.287,0.09824,0.0001171,4.187E-06,0.0001129,16
8,0.53,0,4,32,2048,2256,1.45E+05,0.225,0,7575,1.814E+04,7.631,0.1192,0.0002889,8.621E-06,0.0002803,32
8,0.53,0,4,32,2048,2162,1.395E+05,0.2165,0,7361,1.741E+04,7.342,0.1147,0.0004588,1.205E-05,0.0004467,64
8,0.54,0,4,32,2048,1815,1.163E+05,0.177,0,8614,1.815E+04,6.119,0.0956,3.816E-05,2.321E-06,3.583E-05,2
8,0.54,0,4,32,2048,1791,1.147E+05,0.1746,0,8262,1.77E+04,6.035,0.0943,6.196E-05,2.57E-06,5.939E-05,4
8,0.54,0,4,32,2048,1932,1.236E+05,0.1882,0,8398,1.832E+04,6.503,0.1016,6.336E-05,3.203E-06,6.015E-05,8
8,0.54,0,4,32,2048,1998,1.282E+05,0.1953,0,7993,1.856E+04,6.749,0.1054,0.0001174,4.508E-06,0.0001129,16
8,0.54,0,4,32,2048,2193,1.412E+05,0.215,0,7595,1.875E+04,7.43,0.1161,0.0002889,8.614E-06,0.0002803,32
8,0.54,0,4,32,2048,2224,1.428E+05,0.2174,0,7294,1.884E+04,7.514,0.1174,0.0004592,1.253E-05,0.0004467,64
8,0.55,0,4,32,2048,1720,1.103E+05,0.1649,0,8353,1.814E+04,5.805,0.0907,3.801E-05,2.174E-06,3.583E-05,2
8,0.55,0,4,32,2048,1841,1.178E+05,0.1761,0,8295,1.835E+04,6.198,0.09684,6.199E-05,2.607E-06,5.939E-05,4
8,0.55,0,4,32,2048,1874,1.201E+05,0.1795,0,8455,1.817E+04,6.319,0.09873,6.331E-05,3.153E-06,6.015E-05,8
8,0.55,0,4,32,2048,1954,1.256E+05,0.1878,0,7997,1.784E+04,6.611,0.1033,0.0001174,4.476E-06,0.0001129,16
8,0.55,0,4,32,2048,2113,1.357E+05,0.2029,0,7662,1.763E+04,7.142,0.1116,0.0002887,8.434E-06,0.0002803,32
8,0.55,0,4,32,2048,2313,1.484E+05,0.2219,0,7665,1.86E+04,7.809,0.122,0.0004596,1.292E-05,0.0004467,64
8,0.56,0,4,32,2048,1789,1.146E+05,0.1684,0,8725,1.814E+04,6.034,0.09428,3.805E-05,2.216E-06,3.583E-05,2
8,0.56,0,4,32,2048,1841,1.181E+05,0.1734,0,8650,1.89E+04,6.215,0.09712,6.202E-05,2.637E-06,5.939E-05,4
8,0.56,0,4,32,2048,1826,1.172E+05,0.1721,0,8329,1.84E+04,6.169,0.09639,6.327E-05,3.114E-06,6.015E-05,8
8,0.56,0,4,32,2048,2014,1.29E+05,0.1894,0,8313,1.863E+04,6.789,0.1061,0.0001175,4.582E-06,0.0001129,16
8,0.56,0,4,32,2048,2132,1.369E+05,0.2011,0,7922,1.8E+04,7.208,0.1126,0.0002886,8.333E-06,0.0002803,32
8,0.56,0,4,32,2048,2288,1.468E+05,0.2155,0,7628,1.794E+04,7.724,0.1207,0.0004594,1.273E-05,0.0004467,64
8,0.57,0,4,32,2048,1831,1.169E+05,0.1687,0,8516,1.776E+04,6.153,0.09614,3.812E-05,2.289E-06,3.583E-05,2
8,0.57,0,4,32,2048,1842,1.178E+05,0.17,0,8774,1.799E+04,6.202,0.0969,6.197E-05,2.588E-06,5.939E-05,4
8,0.57,0,4,32,2048,1925,1.233E+05,0.1779,0,8287,1.795E+04,6.492,0.1014,6.341E-05,3.256E-06,6.015E-05,8
8,0.57,0,4,32,2048,1995,1.283E+05,0.185,0,8315,1.792E+04,6.75,0.1055,0.0001173,4.403E-06,0.0001129,16
8,0.57,0,4,32,2048,2116,1.358E+05,0.196,0,7405,1.881E+04,7.15,0.1117,0.0002886,8.258E-06,0.0002803,32
8,0.57,0,4,32,2048,2301,1.478E+05,0.2132,0,7661,1.822E+04,7.776,0.1215,0.0004594,1.27E-05,0.0004467,64
8,0.58,0,4,32,2048,1736,1.113E+05,0.1578,0,8708,1.84E+04,5.857,0.09152,3.806E-05,2.222E-06,3.583E-05,2
8,0.58,0,4,32,2048,1814,1.165E+05,0.1652,0,8489,1.806E+04,6.131,0.0958,6.194E-05,2.557E-06,5.939E-05,4
8,0.58,0,4,32,2048,1868,1.197E+05,0.1697,0,8762,1.806E+04,6.299,0.09843,6.332E-05,3.165E-06,6.015E-05,8
8,0.58,0,4,32,2048,2039,1.309E+05,0.1856,0,8158,1.805E+04,6.889,0.1076,0.0001175,4.58E-06,0.0001129,16
8,0.58,0,4,32,2048,2122,1.365E+05,0.1935,0,7812,1.851E+04,7.182,0.1122,0.0002885,8.223E-06,0.0002803,32
8,0.58,0,4,32,2048,2186,1.402E+05,0.1987,0,7735,1.908E+04,7.377,0.1153,0.0004587,1.194E-05,0.0004467,64
8,0.59,0,4,32,2048,1715,1.096E+05,0.1528,0,8564,1.827E+04,5.768,0.09013,3.801E-05,2.172E-06,3.583E-05,2
8,0.59,0,4,32,2048,1859,1.192E+05,0.1661,0,8492,1.795E+04,6.274,0.09803,6.205E-05,2.661E-06,5.939E-05,4
8,0.59,0,4,32,2048,1846,1.182E+05,0.1647,0,8591,1.814E+04,6.219,0.09717,6.332E-05,3.161E-06,6.015E-05,8
8,0.59,0,4,32,2048,2021,1.296E+05,0.1806,0,8342,1.948E+04,6.819,0.1065,0.0001174,4.461E-06,0.0001129,16
8,0.59,0,4,32,2048,2124,1.364E+05,0.1901,0,8006,1.886E+04,7.178,0.1122,0.0002884,8.114E-06,0.0002803,32
8,0.59,0,4,32,2048,2250,1.444E+05,0.2012,0,7693,1.892E+04,7.599,0.1187,0.0004596,1.293E-05,0.0004467,64
8,0.6,0,4,32,2048,1761,1.125E+05,0.1541,0,8715,1.808E+04,5.919,0.09248,3.81E-05,2.265E-06,3.583E-05,2
8,0.6,0,4,32,2048,1854,1.187E+05,0.1626,0,8584,1.790E+04,6.245,0.09758,6.203E-05,2.648E-06,5.939E-05,4
8,0.6,0,4,32,2048,1922,1.232E+05,0.1688,0,8775,1.836E+04,6.482,0.1013,6.335E-05,3.195E-06,6.015E-05,8
8,0.6,0,4,32,2048,1905,1.221E+05,0.1673,0,8496,1.875E+04,6.424,0.1004,0.0001172,4.273E-06,0.0001129,16
8,0.6,0,4,32,2048,2027,1.306E+05,0.1789,0,7862,1.903E+04,6.872,0.1074,0.0002884,8.047E-06,0.0002803,32
8,0.6,0,4,32,2048,2236,1.439E+05,0.1972,0,7548,1.872E+04,7.574,0.1183,0.0004591,1.237E-05,0.0004467,64
8,0.61,0,4,32,2048,1682,1.077E+05,0.1452,0,8596,1.84E+04,5.669,0.08857,3.799E-05,2.161E-06,3.583E-05,2
8,0.61,0,4,32,2048,1847,1.181E+05,0.1593,0,8647,1.849E+04,6.217,0.09714,6.199E-05,2.6E-06,5.939E-05,4
8,0.61,0,4,32,2048,1871,1.201E+05,0.1619,0,8632,1.832E+04,6.321,0.09876,6.329E-05,3.139E-06,6.015E-05,8
8,0.61,0,4,32,2048,1984,1.274E+05,0.1717,0,8170,1.84E+04,6.704,0.1047,0.0001175,4.59E-06,0.0001129,16
8,0.61,0,4,32,2048,2055,1.316E+05,0.1775,0,8044,1.861E+04,6.929,0.1083,0.0002881,7.804E-06,0.0002803,32
8,0.61,0,4,32,2048,2333,1.498E+05,0.202,0,7925,1.896E+04,7.886,0.1232,0.00046,1.327E-05,0.0004467,64
8,0.62,0,4,32,2048,1771,1.135E+05,0.1505,0,8865,1.799E+04,5.972,0.09332,3.81E-05,2.263E-06,3.583E-05,2
8,0.62,0,4,32,2048,1741,1.116E+05,0.1481,0,8689,1.922E+04,5.875,0.0918,6.189E-05,2.502E-06,5.939E-05,4
8,0.62,0,4,32,2048,1885,1.208E+05,0.1602,0,8625,1.812E+04,6.357,0.09933,6.337E-05,3.212E-06,6.015E-05,8
8,0.62,0,4,32,2048,1928,1.239E+05,0.1644,0,8532,1.813E+04,6.524,0.1019,0.0001173,4.411E-06,0.0001129,16
8,0.62,0,4,32,2048,2117,1.359E+05,0.1803,0,8067,1.911E+04,7.154,0.1118,0.0002885,8.228E-06,0.0002803,32
8,0.62,0,4,32,2048,2236,1.439E+05,0.1908,0,7633,1.826E+04,7.573,0.1183,0.0004595,1.277E-05,0.0004467,64
8,0.63,0,4,32,2048,1729,1.105E+05,0.1443,0,8745,1.83E+04,5.818,0.0909,3.799E-05,2.156E-06,3.583E-05,2
8,0.63,0,4,32,2048,1794,1.152E+05,0.1504,0,8491,1.828E+04,6.063,0.09474,6.197E-05,2.587E-06,5.939E-05,4
8,0.63,0,4,32,2048,1879,1.207E+05,0.1575,0,8659,1.863E+04,6.352,0.09925,6.329E-05,3.135E-06,6.015E-05,8
8,0.63,0,4,32,2048,2033,1.302E+05,0.17,0,8462,1.836E+04,6.852,0.1071,0.0001174,4.545E-06,0.0001129,16
8,0.63,0,4,32,2048,2095,1.341E+05,0.175,0,7945,1.874E+04,7.056,0.1103,0.0002885,8.185E-06,0.0002803,32
8,0.63,0,4,32,2048,2305,1.483E+05,0.1936,0,7740,1.896E+04,7.806,0.122,0.0004598,1.305E-05,0.0004467,64
8,0.64,0,4,32,2048,1769,1.134E+05,0.1457,0,8866,1.810E+04,5.967,0.09323,3.81E-05,2.262E-06,3.583E-05,2
8,0.64,0,4,32,2048,1798,1.152E+05,0.148,0,8547,1.849E+04,6.064,0.09475,6.197E-05,2.58E-06,5.939E-05,4
8,0.64,0,4,32,2048,1827,1.173E+05,0.1508,0,8292,1.813E+04,6.175,0.09649,6.324E-05,3.089E-06,6.015E-05,8
8,0.64,0,4,32,2048,1942,1.253E+05,0.1609,0,8495,1.819E+04,6.592,0.103,0.0001173,4.36E-06,0.0001129,16
8,0.64,0,4,32,2048,2026,1.303E+05,0.1674,0,8197,1.811E+04,6.857,0.1071,0.0002884,8.069E-06,0.0002803,32
8,0.64,0,4,32,2048,2284,1.466E+05,0.1884,0,8064,1.824E+04,7.716,0.1206,0.0004596,1.286E-05,0.0004467,64
8,0.65,0,4,32,2048,1777,1.138E+05,0.144,0,8650,1.833E+04,5.992,0.09362,3.81E-05,2.269E-06,3.583E-05,2
8,0.65,0,4,32,2048,1760,1.128E+05,0.1428,0,8897,1.893E+04,5.939,0.09279,6.188E-05,2.489E-06,5.939E-05,4
8,0.65,0,4,32,2048,1909,1.224E+05,0.1549,0,8585,1.818E+04,6.442,0.1007,6.336E-05,3.207E-06,6.015E-05,8
8,0.65,0,4,32,2048,2083,1.337E+05,0.1692,0,8266,1.892E+04,7.039,0.11,0.0001176,4.689E-06,0.0001129,16
8,0.65,0,4,32,2048,2123,1.367E+05,0.173,0,8238,1.8E+04,7.197,0.1124,0.0002888,8.454E-06,0.0002803,32
8,0.65,0,4,32,2048,2335,1.495E+05,0.1892,0,7766,1.857E+04,7.869,0.123,0.0004599,1.321E-05,0.0004467,64
8,0.66,0,4,32,2048,1791,1.145E+05,0.1427,0,8851,1.821E+04,6.026,0.09416,3.807E-05,2.239E-06,3.583E-05,2
8,0.66,0,4,32,2048,1796,1.151E+05,0.1434,0,8875,1.915E+04,6.056,0.09462,6.198E-05,2.595E-06,5.939E-05,4
8,0.66,0,4,32,2048,1910,1.226E+05,0.1528,0,8687,1.863E+04,6.454,0.1008,6.342E-05,3.266E-06,6.015E-05,8
8,0.66,0,4,32,2048,1954,1.252E+05,0.156,0,8690,1.84E+04,6.587,0.1029,0.0001174,4.462E-06,0.0001129,16
8,0.66,0,4,32,2048,2057,1.32E+05,0.1645,0,8274,1.902E+04,6.947,0.1085,0.0002883,7.942E-06,0.0002803,32
8,0.66,0,4,32,2048,2324,1.491E+05,0.1858,0,8164,1.829E+04,7.849,0.1226,0.0004599,1.321E-05,0.0004467,64
8,0.67,0,4,32,2048,1789,1.148E+05,0.1409,0,8540,1.801E+04,6.042,0.0944,3.812E-05,2.282E-06,3.583E-05,2
8,0.67,0,4,32,2048,1883,1.204E+05,0.1478,0,8858,1.847E+04,6.339,0.09904,6.201E-05,2.625E-06,5.939E-05,4
8,0.67,0,4,32,2048,1906,1.225E+05,0.1504,0,8713,1.837E+04,6.45,0.1008,6.34E-05,3.249E-06,6.015E-05,8
8,0.67,0,4,32,2048,1863,1.2E+05,0.1473,0,8741,1.886E+04,6.316,0.09868,0.0001171,4.226E-06,0.0001129,16
8,0.67,0,4,32,2048,2107,1.356E+05,0.1664,0,8304,1.890E+04,7.135,0.1115,0.0002886,8.271E-06,0.0002803,32
8,0.67,0,4,32,2048,2333,1.495E+05,0.1835,0,7877,1.828E+04,7.868,0.1229,0.0004598,1.308E-05,0.0004467,64
8,0.68,0,4,32,2048,1774,1.134E+05,0.1372,0,9063,1.832E+04,5.971,0.0933,3.808E-05,2.246E-06,3.583E-05,2
8,0.68,0,4,32,2048,1808,1.16E+05,0.1403,0,8954,1.836E+04,6.106,0.09541,6.198E-05,2.597E-06,5.939E-05,4
8,0.68,0,4,32,2048,1929,1.233E+05,0.1491,0,8690,1.805E+04,6.487,0.1014,6.334E-05,3.189E-06,6.015E-05,8
8,0.68,0,4,32,2048,2053,1.313E+05,0.1588,0,8784,1.828E+04,6.913,0.108,0.0001175,4.629E-06,0.0001129,16
8,0.68,0,4,32,2048,2144,1.376E+05,0.1664,0,8610,1.905E+04,7.243,0.1132,0.0002887,8.357E-06,0.0002803,32
8,0.68,0,4,32,2048,2334,1.5E+05,0.1814,0,8135,1.879E+04,7.895,0.1234,0.00046,1.327E-05,0.0004467,64
8,0.69,0,4,32,2048,1731,1.108E+05,0.1321,0,8825,1.837E+04,5.832,0.09112,3.807E-05,2.24E-06,3.583E-05,2
8,0.69,0,4,32,2048,1787,1.142E+05,0.1361,0,9061,1.861E+04,6.012,0.09394,6.187E-05,2.485E-06,5.939E-05,4
8,0.69,0,4,32,2048,1878,1.203E+05,0.1434,0,8653,1.828E+04,6.333,0.09895,6.333E-05,3.178E-06,6.015E-05,8
8,0.69,0,4,32,2048,1961,1.254E+05,0.1495,0,8532,1.822E+04,6.602,0.1032,0.0001173,4.374E-06,0.0001129,16
8,0.69,0,4,32,2048,2086,1.334E+05,0.159,0,8202,1.84E+04,7.024,0.1097,0.0002886,8.289E-06,0.0002803,32
8,0.69,0,4,32,2048,2263,1.454E+05,0.1732,0,7781,1.837E+04,7.651,0.1195,0.0004593,1.256E-05,0.0004467,64
8,0.7,0,4,32,2048,1769,1.134E+05,0.1332,0,8859,1.847E+04,5.967,0.09323,3.806E-05,2.227E-06,3.583E-05,2
8,0.7,0,4,32,2048,1877,1.199E+05,0.1409,0,8844,1.841E+04,6.313,0.09864,6.202E-05,2.632E-06,5.939E-05,4
8,0.7,0,4,32,2048,1847,1.182E+05,0.1389,0,9040,1.854E+04,6.221,0.0972,6.329E-05,3.132E-06,6.015E-05,8
8,0.7,0,4,32,2048,2002,1.285E+05,0.1509,0,8577,1.808E+04,6.761,0.1056,0.0001173,4.425E-06,0.0001129,16
8,0.7,0,4,32,2048,2300,1.474E+05,0.1732,0,8354,1.838E+04,7.76,0.1213,0.000289,8.732E-06,0.0002803,32
8,0.7,0,4,32,2048,2128,1.363E+05,0.1601,0,7925,1.88E+04,7.174,0.1121,0.0004586,1.187E-05,0.0004467,64
8,0.71,0,4,32,2048,1780,1.136E+05,0.1316,0,9083,1.866E+04,5.979,0.09342,3.81E-05,2.263E-06,3.583E-05,2
8,0.71,0,4,32,2048,1755,1.124E+05,0.1301,0,8881,1.862E+04,5.914,0.09241,6.189E-05,2.509E-06,5.939E-05,4
8,0.71,0,4,32,2048,1926,1.234E+05,0.143,0,8686,1.846E+04,6.497,0.1015,6.34E-05,3.247E-06,6.015E-05,8
8,0.71,0,4,32,2048,2045,1.312E+05,0.152,0,8772,1.845E+04,6.907,0.1079,0.0001175,4.622E-06,0.0001129,16
8,0.71,0,4,32,2048,2104,1.35E+05,0.1564,0,8414,1.849E+04,7.108,0.1111,0.0002887,8.369E-06,0.0002803,32
8,0.71,0,4,32,2048,2311,1.483E+05,0.1717,0,8028,1.899E+04,7.803,0.1219,0.0004597,1.299E-05,0.0004467,64
8,0.72,0,4,32,2048,1698,1.087E+05,0.1242,0,9069,1.84E+04,5.722,0.08941,3.799E-05,2.157E-06,3.583E-05,2
8,0.72,0,4,32,2048,1846,1.18E+05,0.1347,0,8978,1.876E+04,6.209,0.09701,6.199E-05,2.607E-06,5.939E-05,4
8,0.72,0,4,32,2048,1836,1.178E+05,0.1345,0,8464,1.823E+04,6.199,0.09686,6.33E-05,3.141E-06,6.015E-05,8
8,0.72,0,4,32,2048,1961,1.257E+05,0.1436,0,8709,1.822E+04,6.617,0.1034,0.0001173,4.428E-06,0.0001129,16
8,0.72,0,4,32,2048,2170,1.397E+05,0.1596,0,8471,1.868E+04,7.353,0.1149,0.0002888,8.464E-06,0.0002803,32
8,0.72,0,4,32,2048,2332,1.498E+05,0.171,0,8026,1.859E+04,7.882,0.1232,0.0004594,1.271E-05,0.0004467,64
8,0.73,0,4,32,2048,1770,1.137E+05,0.1281,0,8996,1.827E+04,5.983,0.09349,3.809E-05,2.252E-06,3.583E-05,2
8,0.73,0,4,32,2048,1824,1.169E+05,0.1317,0,9312,1.802E+04,6.155,0.09617,6.194E-05,2.551E-06,5.939E-05,4
8,0.73,0,4,32,2048,1880,1.206E+05,0.1359,0,8961,1.838E+04,6.348,0.09919,6.333E-05,3.18E-06,6.015E-05,8
8,0.73,0,4,32,2048,1956,1.257E+05,0.1416,0,8638,1.908E+04,6.618,0.1034,0.0001173,4.41E-06,0.0001129,16
8,0.73,0,4,32,2048,2019,1.298E+05,0.1463,0,8665,1.880E+04,6.834,0.1068,0.0002883,8.006E-06,0.0002803,32
8,0.73,0,4,32,2048,2308,1.478E+05,0.1665,0,8040,1.889E+04,7.777,0.1215,0.0004595,1.283E-05,0.0004467,64
8,0.74,0,4,32,2048,1791,1.145E+05,0.1272,0,9076,1.823E+04,6.025,0.09414,3.811E-05,2.28E-06,3.583E-05,2
8,0.74,0,4,32,2048,1879,1.203E+05,0.1337,0,9054,1.808E+04,6.331,0.09891,6.205E-05,2.662E-06,5.939E-05,4
8,0.74,0,4,32,2048,1857,1.189E+05,0.1321,0,8875,1.836E+04,6.257,0.09776,6.332E-05,3.171E-06,6.015E-05,8
8,0.74,0,4,32,2048,2029,1.3E+05,0.1444,0,8812,1.858E+04,6.84,0.1069,0.0001174,4.469E-06,0.0001129,16
8,0.74,0,4,32,2048,2208,1.416E+05,0.1573,0,8644,1.846E+04,7.451,0.1164,0.0002889,8.57E-06,0.0002803,32
8,0.74,0,4,32,2048,2374,1.524E+05,0.1693,0,8430,1.842E+04,8.019,0.1253,0.0004599,1.318E-05,0.0004467,64
8,0.75,0,4,32,2048,1732,1.111E+05,0.1218,0,9206,1.864E+04,5.846,0.09134,3.803E-05,2.198E-06,3.583E-05,2
8,0.75,0,4,32,2048,1805,1.157E+05,0.1269,0,8991,1.879E+04,6.091,0.09517,6.193E-05,2.542E-06,5.939E-05,4
8,0.75,0,4,32,2048,1827,1.173E+05,0.1286,0,8532,1.827E+04,6.172,0.09644,6.326E-05,3.107E-06,6.015E-05,8
8,0.75,0,4,32,2048,2044,1.31E+05,0.1437,0,8975,1.839E+04,6.896,0.1077,0.0001175,4.612E-06,0.0001129,16
8,0.75,0,4,32,2048,2134,1.371E+05,0.1503,0,8073,1.895E+04,7.214,0.1127,0.0002886,8.334E-06,0.0002803,32
8,0.75,0,4,32,2048,2301,1.483E+05,0.1626,0,7950,1.878E+04,7.803,0.1219,0.0004597,1.303E-05,0.0004467,64
8,0.76,0,4,32,2048,1684,1.08E+05,0.1169,0,9227,1.85E+04,5.687,0.08885,3.798E-05,2.146E-06,3.583E-05,2
8,0.76,0,4,32,2048,1708,1.096E+05,0.1186,0,8895,1.807E+04,5.769,0.09015,6.187E-05,2.48E-06,5.939E-05,4
8,0.76,0,4,32,2048,1860,1.194E+05,0.1292,0,9220,1.846E+04,6.283,0.09817,6.332E-05,3.164E-06,6.015E-05,8
8,0.76,0,4,32,2048,2021,1.291E+05,0.1396,0,8620,1.848E+04,6.793,0.1061,0.0001175,4.601E-06,0.0001129,16
8,0.76,0,4,32,2048,2142,1.371E+05,0.1483,0,8532,1.863E+04,7.216,0.1127,0.0002885,8.215E-06,0.0002803,32
8,0.76,0,4,32,2048,2238,1.439E+05,0.1558,0,8435,1.864E+04,7.576,0.1184,0.0004594,1.267E-05,0.0004467,64
8,0.77,0,4,32,2048,1722,1.104E+05,0.1179,0,9099,1.918E+04,5.813,0.09082,3.798E-05,2.147E-06,3.583E-05,2
8,0.77,0,4,32,2048,1894,1.214E+05,0.1297,0,9032,1.867E+04,6.391,0.09986,6.207E-05,2.684E-06,5.939E-05,4
8,0.77,0,4,32,2048,1958,1.257E+05,0.1342,0,8854,1.847E+04,6.615,0.1034,6.35E-05,3.344E-06,6.015E-05,8
8,0.77,0,4,32,2048,2039,1.308E+05,0.1397,0,8798,1.855E+04,6.882,0.1075,0.0001174,4.558E-06,0.0001129,16
8,0.77,0,4,32,2048,2102,1.347E+05,0.1438,0,8950,1.912E+04,7.089,0.1108,0.0002886,8.319E-06,0.0002803,32
8,0.77,0,4,32,2048,2286,1.473E+05,0.1573,0,8353,1.843E+04,7.75,0.1211,0.0004595,1.275E-05,0.0004467,64
8,0.78,0,4,32,2048,1742,1.113E+05,0.1174,0,9157,1.877E+04,5.859,0.09155,3.808E-05,2.25E-06,3.583E-05,2
8,0.78,0,4,32,2048,1888,1.204E+05,0.1269,0,9071,1.809E+04,6.335,0.09899,6.203E-05,2.645E-06,5.939E-05,4
8,0.78,0,4,32,2048,1882,1.204E+05,0.127,0,9078,1.859E+04,6.338,0.09903,6.334E-05,3.188E-06,6.015E-05,8
8,0.78,0,4,32,2048,1949,1.251E+05,0.1319,0,8851,1.839E+04,6.584,0.1029,0.0001174,4.463E-06,0.0001129,16
8,0.78,0,4,32,2048,2073,1.33E+05,0.1402,0,8504,1.809E+04,7,0.1094,0.0002883,7.985E-06,0.0002803,32
8,0.78,0,4,32,2048,2183,1.399E+05,0.1475,0,8499,1.95E+04,7.362,0.115,0.0004589,1.221E-05,0.0004467,64
8,0.79,0,4,32,2048,1653,1.06E+05,0.1104,0,9341,1.912E+04,5.58,0.08719,3.796E-05,2.122E-06,3.583E-05,2
8,0.79,0,4,32,2048,1857,1.186E+05,0.1234,0,8894,1.838E+04,6.241,0.09752,6.204E-05,2.656E-06,5.939E-05,4
8,0.79,0,4,32,2048,1892,1.209E+05,0.1259,0,9030,1.868E+04,6.365,0.09946,6.336E-05,3.207E-06,6.015E-05,8
8,0.79,0,4,32,2048,2046,1.309E+05,0.1362,0,8834,1.845E+04,6.888,0.1076,0.0001175,4.637E-06,0.0001129,16
8,0.79,0,4,32,2048,2222,1.425E+05,0.1483,0,8672,1.888E+04,7.498,0.1172,0.000289,8.637E-06,0.0002803,32
8,0.79,0,4,32,2048,2355,1.509E+05,0.1571,0,8405,1.88E+04,7.945,0.1241,0.00046,1.326E-05,0.0004467,64
8,0.8,0,4,32,2048,1766,1.129E+05,0.116,0,9278,1.879E+04,5.941,0.09282,3.804E-05,2.209E-06,3.583E-05,2
8,0.8,0,4,32,2048,1770,1.133E+05,0.1165,0,9174,1.873E+04,5.964,0.09319,6.19E-05,2.514E-06,5.939E-05,4
8,0.8,0,4,32,2048,1987,1.271E+05,0.1306,0,8883,1.815E+04,6.689,0.1045,6.349E-05,3.34E-06,6.015E-05,8
8,0.8,0,4,32,2048,1920,1.23E+05,0.1264,0,8482,1.855E+04,6.473,0.1011,0.0001173,4.372E-06,0.0001129,16
8,0.8,0,4,32,2048,2125,1.361E+05,0.1399,0,8839,1.858E+04,7.165,0.1119,0.0002885,8.169E-06,0.0002803,32
8,0.8,0,4,32,2048,2204,1.422E+05,0.1462,0,8369,1.886E+04,7.485,0.117,0.0004587,1.203E-05,0.0004467,64
8,0.81,0,4,32,2048,1693,1.088E+05,0.1105,0,9173,1.888E+04,5.728,0.0895,3.803E-05,2.196E-06,3.583E-05,2
8,0.81,0,4,32,2048,1795,1.151E+05,0.1169,0,9205,1.843E+04,6.059,0.09467,6.196E-05,2.574E-06,5.939E-05,4
8,0.81,0,4,32,2048,1933,1.239E+05,0.1258,0,9031,1.833E+04,6.521,0.1019,6.346E-05,3.31E-06,6.015E-05,8
8,0.81,0,4,32,2048,1962,1.256E+05,0.1275,0,8760,1.933E+04,6.608,0.1032,0.0001172,4.32E-06,0.0001129,16
8,0.81,0,4,32,2048,2099,1.35E+05,0.137,0,8503,1.846E+04,7.103,0.111,0.0002884,8.047E-06,0.0002803,32
8,0.81,0,4,32,2048,2402,1.541E+05,0.1565,0,8405,1.899E+04,8.113,0.1268,0.00046,1.332E-05,0.0004467,64
8,0.82,0,4,32,2048,1776,1.134E+05,0.1137,0,9298,1.887E+04,5.966,0.09322,3.803E-05,2.2E-06,3.583E-05,2
8,0.82,0,4,32,2048,1899,1.214E+05,0.1217,0,9243,1.871E+04,6.388,0.09982,6.203E-05,2.64E-06,5.939E-05,4
8,0.82,0,4,32,2048,1802,1.152E+05,0.1156,0,8939,1.869E+04,6.065,0.09477,6.323E-05,3.071E-06,6.015E-05,8
8,0.82,0,4,32,2048,1918,1.228E+05,0.1232,0,8971,1.878E+04,6.465,0.101,0.0001171,4.178E-06,0.0001129,16
8,0.82,0,4,32,2048,2116,1.355E+05,0.1359,0,8811,1.948E+04,7.134,0.1115,0.0002884,8.102E-06,0.0002803,32
8,0.82,0,4,32,2048,2126,1.365E+05,0.1369,0,8251,1.866E+04,7.186,0.1123,0.0004584,1.173E-05,0.0004467,64
8,0.83,0,4,32,2048,1840,1.174E+05,0.1163,0,9125,1.866E+04,6.18,0.09656,3.816E-05,2.324E-06,3.583E-05,2
8,0.83,0,4,32,2048,1825,1.171E+05,0.116,0,9197,1.897E+04,6.162,0.09628,6.201E-05,2.628E-06,5.939E-05,4
8,0.83,0,4,32,2048,1912,1.225E+05,0.1214,0,8818,1.893E+04,6.446,0.1007,6.335E-05,3.196E-06,6.015E-05,8
8,0.83,0,4,32,2048,1989,1.277E+05,0.1266,0,8973,1.921E+04,6.723,0.1051,0.0001173,4.386E-06,0.0001129,16
8,0.83,0,4,32,2048,2137,1.375E+05,0.1362,0,8415,1.878E+04,7.235,0.113,0.0002886,8.241E-06,0.0002803,32
8,0.83,0,4,32,2048,2317,1.492E+05,0.1478,0,8256,1.852E+04,7.851,0.1227,0.0004598,1.309E-05,0.0004467,64
8,0.84,0,4,32,2048,1727,1.106E+05,0.1082,0,9280,1.896E+04,5.819,0.09092,3.798E-05,2.142E-06,3.583E-05,2
8,0.84,0,4,32,2048,1806,1.158E+05,0.1134,0,9211,1.862E+04,6.095,0.09523,6.197E-05,2.586E-06,5.939E-05,4
8,0.84,0,4,32,2048,1915,1.225E+05,0.1199,0,9175,1.861E+04,6.447,0.1007,6.334E-05,3.191E-06,6.015E-05,8
8,0.84,0,4,32,2048,1956,1.255E+05,0.1229,0,8940,1.859E+04,6.607,0.1032,0.0001172,4.349E-06,0.0001129,16
8,0.84,0,4,32,2048,2202,1.415E+05,0.1385,0,8831,1.877E+04,7.446,0.1163,0.0002888,8.501E-06,0.0002803,32
8,0.84,0,4,32,2048,2197,1.417E+05,0.1387,0,8588,1.839E+04,7.457,0.1165,0.0004588,1.207E-05,0.0004467,64
8,0.85,0,4,32,2048,1781,1.141E+05,0.1104,0,9227,1.867E+04,6.005,0.09383,3.812E-05,2.289E-06,3.583E-05,2
8,0.85,0,4,32,2048,1780,1.143E+05,0.1105,0,9287,1.888E+04,6.014,0.09397,6.193E-05,2.541E-06,5.939E-05,4
8,0.85,0,4,32,2048,1969,1.261E+05,0.122,0,9125,1.880E+04,6.639,0.1037,6.347E-05,3.318E-06,6.015E-05,8
8,0.85,0,4,32,2048,1937,1.24E+05,0.1199,0,9151,1.855E+04,6.525,0.1019,0.0001173,4.407E-06,0.0001129,16
8,0.85,0,4,32,2048,2111,1.354E+05,0.131,0,8627,1.855E+04,7.126,0.1113,0.0002886,8.328E-06,0.0002803,32
8,0.85,0,4,32,2048,2354,1.513E+05,0.1464,0,8480,1.874E+04,7.964,0.1244,0.00046,1.327E-05,0.0004467,64
8,0.86,0,4,32,2048,1753,1.125E+05,0.1076,0,9084,1.869E+04,5.921,0.09252,3.809E-05,2.255E-06,3.583E-05,2
8,0.86,0,4,32,2048,1800,1.152E+05,0.1102,0,9270,1.878E+04,6.065,0.09477,6.192E-05,2.534E-06,5.939E-05,4
8,0.86,0,4,32,2048,1876,1.198E+05,0.1146,0,9208,1.872E+04,6.306,0.09852,6.333E-05,3.178E-06,6.015E-05,8
8,0.86,0,4,32,2048,1994,1.281E+05,0.1225,0,9095,1.837E+04,6.74,0.1053,0.0001174,4.478E-06,0.0001129,16
8,0.86,0,4,32,2048,2083,1.334E+05,0.1275,0,8728,1.866E+04,7.019,0.1097,0.0002886,8.254E-06,0.0002803,32
8,0.86,0,4,32,2048,2284,1.468E+05,0.1403,0,8474,1.905E+04,7.724,0.1207,0.0004599,1.315E-05,0.0004467,64
8,0.87,0,4,32,2048,1770,1.136E+05,0.1074,0,9199,1.904E+04,5.981,0.09345,3.812E-05,2.285E-06,3.583E-05,2
8,0.87,0,4,32,2048,1736,1.112E+05,0.1051,0,9148,1.91E+04,5.852,0.09144,6.191E-05,2.529E-06,5.939E-05,4
8,0.87,0,4,32,2048,1924,1.232E+05,0.1165,0,9161,1.853E+04,6.485,0.1013,6.337E-05,3.215E-06,6.015E-05,8
8,0.87,0,4,32,2048,1963,1.261E+05,0.1192,0,9172,1.837E+04,6.635,0.1037,0.0001173,4.427E-06,0.0001129,16
8,0.87,0,4,32,2048,2206,1.414E+05,0.1336,0,8786,1.87E+04,7.442,0.1163,0.0002889,8.61E-06,0.0002803,32
8,0.87,0,4,32,2048,2150,1.38E+05,0.1304,0,8408,1.879E+04,7.261,0.1135,0.0004581,1.143E-05,0.0004467,64
8,0.88,0,4,32,2048,1691,1.083E+05,0.1012,0,9282,1.89E+04,5.702,0.0891,3.802E-05,2.188E-06,3.583E-05,2
8,0.88,0,4,32,2048,1800,1.153E+05,0.1077,0,9008,1.848E+04,6.068,0.09481,6.193E-05,2.545E-06,5.939E-05,4
8,0.88,0,4,32,2048,1847,1.185E+05,0.1107,0,9159,1.856E+04,6.237,0.09745,6.33E-05,3.147E-06,6.015E-05,8
8,0.88,0,4,32,2048,1983,1.273E+05,0.1189,0,9066,1.892E+04,6.699,0.1047,0.0001173,4.432E-06,0.0001129,16
8,0.88,0,4,32,2048,2120,1.358E+05,0.1269,0,9035,1.906E+04,7.148,0.1117,0.0002885,8.222E-06,0.0002803,32
8,0.88,0,4,32,2048,2405,1.541E+05,0.144,0,8484,1.892E+04,8.111,0.1267,0.0004598,1.309E-05,0.0004467,64
8,0.89,0,4,32,2048,1778,1.137E+05,0.1051,0,9234,1.866E+04,5.984,0.09349,3.808E-05,2.25E-06,3.583E-05,2
8,0.89,0,4,32,2048,1817,1.163E+05,0.1075,0,9210,1.851E+04,6.122,0.09565,6.195E-05,2.56E-06,5.939E-05,4
8,0.89,0,4,32,2048,1864,1.2E+05,0.1109,0,9228,1.846E+04,6.315,0.09867,6.332E-05,3.166E-06,6.015E-05,8
8,0.89,0,4,32,2048,2056,1.318E+05,0.1218,0,9041,1.892E+04,6.935,0.1084,0.0001176,4.673E-06,0.0001129,16
8,0.89,0,4,32,2048,2121,1.361E+05,0.1257,0,8835,1.89E+04,7.161,0.1119,0.0002886,8.29E-06,0.0002803,32
8,0.89,0,4,32,2048,2220,1.429E+05,0.132,0,8602,1.826E+04,7.521,0.1175,0.0004592,1.244E-05,0.0004467,64
8,0.9,0,4,32,2048,1683,1.076E+05,0.09833,0,9451,1.909E+04,5.664,0.0885,3.798E-05,2.148E-06,3.583E-05,2
8,0.9,0,4,32,2048,1810,1.162E+05,0.1061,0,9364,1.850E+04,6.114,0.09554,6.194E-05,2.558E-06,5.939E-05,4
8,0.9,0,4,32,2048,1956,1.253E+05,0.1145,0,9180,1.867E+04,6.593,0.103,6.342E-05,3.266E-06,6.015E-05,8
8,0.9,0,4,32,2048,1983,1.273E+05,0.1163,0,9020,1.894E+04,6.7,0.1047,0.0001173,4.454E-06,0.0001129,16
8,0.9,0,4,32,2048,2123,1.364E+05,0.1246,0,8770,1.871E+04,7.179,0.1122,0.0002887,8.403E-06,0.0002803,32
8,0.9,0,4,32,2048,2401,1.546E+05,0.1412,0,8451,1.854E+04,8.135,0.1271,0.00046,1.332E-05,0.0004467,64
8,0.91,0,4,32,2048,1740,1.113E+05,0.1006,0,9364,1.891E+04,5.86,0.09156,3.806E-05,2.229E-06,3.583E-05,2
8,0.91,0,4,32,2048,1822,1.167E+05,0.1054,0,9062,1.864E+04,6.14,0.09594,6.196E-05,2.577E-06,5.939E-05,4
8,0.91,0,4,32,2048,1864,1.195E+05,0.108,0,9292,1.88E+04,6.291,0.09829,6.327E-05,3.112E-06,6.015E-05,8
8,0.91,0,4,32,2048,1950,1.251E+05,0.1131,0,8947,1.869E+04,6.587,0.1029,0.0001174,4.524E-06,0.0001129,16
8,0.91,0,4,32,2048,2114,1.362E+05,0.1231,0,8613,1.91E+04,7.171,0.112,0.0002887,8.422E-06,0.0002803,32
8,0.91,0,4,32,2048,2368,1.522E+05,0.1375,0,8505,1.896E+04,8.008,0.1251,0.00046,1.327E-05,0.0004467,64
8,0.92,0,4,32,2048,1747,1.118E+05,0.09993,0,9583,1.902E+04,5.884,0.09194,3.807E-05,2.233E-06,3.583E-05,2
8,0.92,0,4,32,2048,1775,1.135E+05,0.1015,0,9562,1.896E+04,5.975,0.09336,6.187E-05,2.486E-06,5.939E-05,4
8,0.92,0,4,32,2048,1848,1.182E+05,0.1057,0,9345,1.895E+04,6.223,0.09723,6.333E-05,3.179E-06,6.015E-05,8
8,0.92,0,4,32,2048,2126,1.362E+05,0.1217,0,8891,1.847E+04,7.166,0.112,0.0001177,4.815E-06,0.0001129,16
8,0.92,0,4,32,2048,2102,1.349E+05,0.1206,0,8760,1.945E+04,7.098,0.1109,0.0002884,8.108E-06,0.0002803,32
8,0.92,0,4,32,2048,2274,1.46E+05,0.1305,0,8698,1.896E+04,7.685,0.1201,0.0004593,1.263E-05,0.0004467,64
8,0.93,0,4,32,2048,1701,1.092E+05,0.09653,0,9107,1.866E+04,5.745,0.08977,3.805E-05,2.211E-06,3.583E-05,2
8,0.93,0,4,32,2048,1837,1.174E+05,0.1038,0,9186,1.876E+04,6.176,0.09651,6.198E-05,2.59E-06,5.939E-05,4
8,0.93,0,4,32,2048,1935,1.236E+05,0.1093,0,9403,1.884E+04,6.508,0.1017,6.339E-05,3.233E-06,6.015E-05,8
8,0.93,0,4,32,2048,1992,1.281E+05,0.1133,0,8911,1.897E+04,6.741,0.1053,0.0001173,4.429E-06,0.0001129,16
8,0.93,0,4,32,2048,2164,1.39E+05,0.1229,0,8679,1.87E+04,7.316,0.1143,0.0002888,8.465E-06,0.0002803,32
8,0.93,0,4,32,2048,2328,1.494E+05,0.1321,0,8586,1.963E+04,7.864,0.1229,0.0004599,1.314E-05,0.0004467,64
8,0.94,0,4,32,2048,1768,1.129E+05,0.09877,0,9336,1.896E+04,5.942,0.09285,3.806E-05,2.229E-06,3.583E-05,2
8,0.94,0,4,32,2048,1820,1.163E+05,0.1017,0,9145,1.838E+04,6.119,0.09561,6.2E-05,2.616E-06,5.939E-05,4
8,0.94,0,4,32,2048,1859,1.194E+05,0.1044,0,9268,1.864E+04,6.282,0.09815,6.324E-05,3.089E-06,6.015E-05,8
8,0.94,0,4,32,2048,1891,1.214E+05,0.1062,0,9106,1.946E+04,6.389,0.09983,0.0001171,4.253E-06,0.0001129,16
8,0.94,0,4,32,2048,2131,1.366E+05,0.1195,0,8921,1.849E+04,7.188,0.1123,0.0002886,8.327E-06,0.0002803,32
8,0.94,0,4,32,2048,2339,1.506E+05,0.1318,0,8786,1.885E+04,7.928,0.1239,0.0004599,1.319E-05,0.0004467,64
8,0.95,0,4,32,2048,1741,1.113E+05,0.09632,0,9483,1.913E+04,5.856,0.0915,3.805E-05,2.215E-06,3.583E-05,2
8,0.95,0,4,32,2048,1781,1.141E+05,0.09878,0,9490,1.872E+04,6.006,0.09384,6.194E-05,2.549E-06,5.939E-05,4
8,0.95,0,4,32,2048,1873,1.2E+05,0.1039,0,9220,1.899E+04,6.317,0.0987,6.332E-05,3.164E-06,6.015E-05,8
8,0.95,0,4,32,2048,1911,1.222E+05,0.1058,0,8806,1.906E+04,6.432,0.1005,0.0001172,4.295E-06,0.0001129,16
8,0.95,0,4,32,2048,2153,1.378E+05,0.1193,0,8977,1.88E+04,7.253,0.1133,0.0002886,8.269E-06,0.0002803,32
8,0.95,0,4,32,2048,2318,1.488E+05,0.1288,0,8634,1.896E+04,7.832,0.1224,0.00046,1.326E-05,0.0004467,64
8,0.96,0,4,32,2048,1743,1.116E+05,0.09561,0,9124,1.912E+04,5.874,0.09179,3.806E-05,2.228E-06,3.583E-05,2
8,0.96,0,4,32,2048,1773,1.129E+05,0.09675,0,9358,1.876E+04,5.944,0.09288,6.191E-05,2.524E-06,5.939E-05,4
8,0.96,0,4,32,2048,1910,1.227E+05,0.1051,0,9441,1.854E+04,6.46,0.1009,6.332E-05,3.169E-06,6.015E-05,8
8,0.96,0,4,32,2048,1988,1.276E+05,0.1093,0,9244,1.909E+04,6.714,0.1049,0.0001173,4.453E-06,0.0001129,16
8,0.96,0,4,32,2048,2261,1.444E+05,0.1237,0,8938,1.871E+04,7.601,0.1188,0.0002891,8.762E-06,0.0002803,32
8,0.96,0,4,32,2048,2255,1.447E+05,0.1239,0,8748,1.915E+04,7.613,0.119,0.0004592,1.245E-05,0.0004467,64
8,0.97,0,4,32,2048,1762,1.131E+05,0.09592,0,9178,1.875E+04,5.955,0.09304,3.811E-05,2.273E-06,3.583E-05,2
8,0.97,0,4,32,2048,1838,1.175E+05,0.09958,0,9102,1.876E+04,6.182,0.09659,6.198E-05,2.594E-06,5.939E-05,4
8,0.97,0,4,32,2048,1928,1.232E+05,0.1044,0,9265,1.849E+04,6.482,0.1013,6.339E-05,3.236E-06,6.015E-05,8
8,0.97,0,4,32,2048,1995,1.277E+05,0.1083,0,9198,1.891E+04,6.722,0.105,0.0001173,4.387E-06,0.0001129,16
8,0.97,0,4,32,2048,2039,1.305E+05,0.1107,0,9354,1.939E+04,6.871,0.1074,0.0002882,7.854E-06,0.0002803,32
8,0.97,0,4,32,2048,2328,1.496E+05,0.1269,0,8643,1.954E+04,7.876,0.1231,0.0004598,1.311E-05,0.0004467,64
8,0.98,0,4,32,2048,1763,1.133E+05,0.0951,0,9360,1.895E+04,5.964,0.09319,3.804E-05,2.21E-06,3.583E-05,2
8,0.98,0,4,32,2048,1816,1.162E+05,0.09754,0,9422,1.885E+04,6.118,0.09559,6.197E-05,2.588E-06,5.939E-05,4
8,0.98,0,4,32,2048,1896,1.213E+05,0.1018,0,9446,1.854E+04,6.385,0.09977,6.341E-05,3.261E-06,6.015E-05,8
8,0.98,0,4,32,2048,2000,1.281E+05,0.1075,0,8946,1.87E+04,6.741,0.1053,0.0001174,4.464E-06,0.0001129,16
8,0.98,0,4,32,2048,2146,1.376E+05,0.1155,0,9116,1.913E+04,7.242,0.1132,0.0002885,8.142E-06,0.0002803,32
8,0.98,0,4,32,2048,2296,1.473E+05,0.1236,0,8493,1.924E+04,7.752,0.1211,0.0004595,1.282E-05,0.0004467,64
8,0.99,0,4,32,2048,1655,1.06E+05,0.08805,0,9327,1.863E+04,5.579,0.08717,3.792E-05,2.087E-06,3.583E-05,2
8,0.99,0,4,32,2048,1754,1.126E+05,0.09353,0,9308,1.886E+04,5.926,0.09259,6.186E-05,2.478E-06,5.939E-05,4
8,0.99,0,4,32,2048,1862,1.191E+05,0.09893,0,9267,1.85E+04,6.268,0.09794,6.336E-05,3.203E-06,6.015E-05,8
8,0.99,0,4,32,2048,1998,1.279E+05,0.1063,0,9268,1.87E+04,6.733,0.1052,0.0001174,4.552E-06,0.0001129,16
8,0.99,0,4,32,2048,2220,1.422E+05,0.1181,0,8920,1.857E+04,7.486,0.117,0.0002889,8.608E-06,0.0002803,32
8,0.99,0,4,32,2048,2273,1.461E+05,0.1214,0,8591,1.891E+04,7.691,0.1202,0.0004594,1.268E-05,0.0004467,64
